country,year,GDPpc,POPden,URB,EDU
Austria,2004,33523.02049682828,99.03012603005332,59.094,15.8
Austria,2005,34776.66995352181,99.70708919049927,58.813,15.0
Austria,2006,37396.03509608662,100.20166020358701,58.532,14.7
Austria,2007,39193.81736409769,100.52698739699467,58.249,14.6
Austria,2008,41046.79003521116,100.8421715947649,57.966,15.0
Austria,2009,40665.504660501865,101.1066771691711,57.683,16.0
Austria,2010,41740.11492417584,101.35002423654872,57.399,16.2
Austria,2011,44171.5618687028,101.69223218613669,57.115,16.3
Austria,2012,46156.48320730371,102.15694377120698,57.147,16.9
Austria,2013,47519.852279657134,102.76082161900145,57.336,17.7
Austria,2014,48355.497762440704,103.5670867668444,57.526,27.4
Austria,2015,49562.59392579865,104.73459767329132,57.715,28.1
Austria,2016,52397.863517667276,105.87333979641299,57.905,28.9
Austria,2017,53869.832118355465,106.61131846825012,58.094,29.7
Austria,2018,56636.49530305386,107.13185894328647,58.297,30.1
Austria,2019,60354.9279422121,107.60930683470674,58.515,31.1
Austria,2020,58523.033781624414,108.05700436257877,58.748,31.3
Austria,2021,62968.94223118889,108.52880513814833,58.995,31.8
Austria,2022,70734.94256479004,109.57163111972855,59.256,32.5
Austria,2023,70478.78736354108,,59.53,33.6
Austria,2024,,,59.819,34.4
Belgium,2004,32063.98269498654,343.55774239277355,97.35,26.3
Belgium,2005,33177.89094581582,345.45270827151944,97.403,27.2
Belgium,2006,35258.98506320303,347.7387004252794,97.454,27.9
Belgium,2007,36799.53186863432,350.3016516665018,97.505,28.1
Belgium,2008,37883.331941781944,353.07991296607656,97.555,28.4
Belgium,2009,37885.90591256016,355.93225200276925,97.603,29.4
Belgium,2010,39844.40543864959,359.1990900998912,97.651,30.7
Belgium,2011,41244.84950352129,363.9028121188145,97.698,30.4
Belgium,2012,42483.525066678776,366.1666172155738,97.744,31.3
Belgium,2013,43864.120419683815,367.89658128111296,97.789,31.5
Belgium,2014,45147.64295340567,369.53341245508193,97.833,32.6
Belgium,2015,46084.24245517168,371.68087561401774,97.876,32.7
Belgium,2016,48414.55180656812,373.56746777437115,97.919,33.2
Belgium,2017,50256.06317727839,375.00932977285464,97.961,35.6
Belgium,2018,52466.733078459896,374.7435149050602,98.001,36.0
Belgium,2019,56712.46957197816,376.76198596445204,98.041,36.0
Belgium,2020,56120.095842046554,378.3893224896701,98.079,37.6
Belgium,2021,60666.3364518842,379.9499901619991,98.117,39.7
Belgium,2022,68137.65502602914,383.0330556830852,98.153,40.2
Belgium,2023,69072.83338523924,,98.189,39.1
Belgium,2024,,,98.224,38.8
Bulgaria,2004,9201.750053456737,70.95310776020595,70.233,17.7
Bulgaria,2005,10291.473921927914,70.49863770250369,70.584,17.8
Bulgaria,2006,11408.01520910752,69.97166528583264,70.932,18.2
Bulgaria,2007,12822.326174587113,69.47185342049535,71.278,18.5
Bulgaria,2008,14346.876442185905,68.98592210662002,71.622,18.9
Bulgaria,2009,14180.684161239582,68.57445652173914,71.963,19.2
Bulgaria,2010,14955.954427705832,68.1245302137067,72.302,19.7
Bulgaria,2011,15747.389991761562,67.68909358879883,72.638,20.1
Bulgaria,2012,16327.253378391066,67.2981577008106,72.975,20.7
Bulgaria,2013,16649.414466121743,66.92257737656595,73.313,22.2
Bulgaria,2014,17616.32306653192,66.54327560795873,73.651,23.6
Bulgaria,2015,18391.012306456752,66.12003500368459,73.99,24.1
Bulgaria,2016,20065.740384528737,65.65790346352247,74.329,24.4
Bulgaria,2017,21457.976465220967,65.18005711127488,74.669,24.5
Bulgaria,2018,22977.688151421044,64.71109985261606,75.008,24.8
Bulgaria,2019,25434.84084602997,64.25719417833456,75.347,24.7
Bulgaria,2020,25863.219549454887,63.87265106853353,75.686,25.8
Bulgaria,2021,29305.35470825528,63.35430176860722,76.025,26.1
Bulgaria,2022,34855.890730428044,61.19495210022107,76.363,26.3
Bulgaria,2023,37507.77339652024,,76.701,26.7
Bulgaria,2024,,,77.037,29.4
Croatia,2004,14688.119373956919,76.91730398113073,54.147,13.5
Croatia,2005,15450.879314785356,77.01638553355728,54.315,13.4
Croatia,2006,17634.81252188835,77.03450432420841,54.483,13.6
Croatia,2007,19570.795616870222,77.01767207490529,54.651,13.4
Croatia,2008,21019.798807824554,77.00852333643056,54.819,13.6
Croatia,2009,20349.48862482717,76.92768565506397,54.987,14.5
Croatia,2010,20143.80160810738,76.75339503966836,55.155,15.7
Croatia,2011,21195.71515159414,76.48884997498392,55.322,15.4
Croatia,2012,21620.167160416775,76.12693874633693,55.506,16.6
Croatia,2013,22432.257964582586,75.65438496176114,55.706,18.2
Croatia,2014,22708.188622462327,75.07679937102424,55.923,18.9
Croatia,2015,23759.050265824204,74.18563719533987,56.155,19.9
Croatia,2016,25804.76675932524,73.38408619827031,56.403,20.1
Croatia,2017,27889.633530446215,72.21440568937174,56.667,20.7
Croatia,2018,29789.194263874364,71.27394396397685,56.947,21.9
Croatia,2019,33064.25895704602,70.57018797798585,57.242,22.1
Croatia,2020,31595.87427013303,69.946497498213,57.553,22.3
Croatia,2021,36932.66802728608,69.31703002144388,57.878,22.3
Croatia,2022,41959.52938283735,68.89994639027877,58.219,22.8
Croatia,2023,45602.960114715956,,58.575,24.9
Croatia,2024,,,58.945,26.6
Cyprus,2004,25945.546875,110.15963203463204,68.41,25.7
Cyprus,2005,27763.279296875,112.13755411255411,68.268,25.7
Cyprus,2006,30015.1015625,114.11450216450217,68.125,27.6
Cyprus,2007,32889.12109375,116.09458874458875,67.982,29.7
Cyprus,2008,34830.15234375,118.07640692640693,67.839,31.0
Cyprus,2009,33883.6171875,120.06179653679654,67.695,30.5
Cyprus,2010,33505.96875,122.05800865800866,67.551,32.1
Cyprus,2011,33406.046875,124.07932900432901,67.406,33.7
Cyprus,2012,31923.921875,126.12521645021646,67.261,35.0
Cyprus,2013,30451.78125,128.1271645021645,67.137,35.4
Cyprus,2014,30170.986328125,130.0650432900433,67.031,36.4
Cyprus,2015,31930.916015625,131.98073593073593,66.946,36.4
Cyprus,2016,35878.59375,133.8865800865801,66.881,37.6
Cyprus,2017,38415.203125,135.74404761904762,66.836,38.1
Cyprus,2018,40925.36328125,137.52564935064936,66.81,39.4
Cyprus,2019,45116.66796875,139.25010822510822,66.805,40.5
Cyprus,2020,43353.875,140.9358225108225,66.821,41.0
Cyprus,2021,48784.578125,142.5659090909091,66.856,42.8
Cyprus,2022,56019.41796875,144.08766233766235,66.911,44.0
Cyprus,2023,57213.8203125,,66.987,46.0
Cyprus,2024,,,67.082,46.3
Czechia,2004,20990.93282259872,131.98422210717058,73.671,10.3
Czechia,2005,22114.83630852016,132.16691690396064,73.602,11.0
Czechia,2006,23919.29270940882,132.54245954692556,73.533,11.4
Czechia,2007,26268.56531737988,133.31816181229775,73.463,11.6
Czechia,2008,27937.841568101976,134.44592180217504,73.394,12.4
Czechia,2009,27698.81061316626,135.21408596582083,73.324,13.4
Czechia,2010,28156.985472460092,135.62618153567266,73.255,14.5
Czechia,2011,29237.18709598468,135.9068755664897,73.185,15.8
Czechia,2012,29465.607401189383,136.09717726272174,73.197,17.0
Czechia,2013,31013.00829338312,136.15995855995857,73.29,18.1
Czechia,2014,32743.48977316901,136.30337995337996,73.384,19.1
Czechia,2015,34102.17698805803,136.58928895220825,73.477,19.8
Czechia,2016,36445.04857320645,136.85185856754308,73.57,20.6
Czechia,2017,39346.030564257235,137.21587877217976,73.675,21.4
Czechia,2018,41638.183107659774,137.67553425722056,73.792,21.7
Czechia,2019,45614.01711325313,138.22681026610798,73.921,21.6
Czechia,2020,44839.48220994562,138.57592884216837,74.061,22.1
Czechia,2021,47796.0337408466,136.10834905384766,74.214,23.4
Czechia,2022,51709.837393396374,138.29051130511135,74.377,23.5
Czechia,2023,53217.42174277422,,74.552,23.5
Czechia,2024,,,74.738,23.8
Denmark,2004,33019.97729465643,135.113075,85.566,27.4
Denmark,2005,34238.32181474373,135.4858,85.856,28.5
Denmark,2006,37400.30752133335,135.9318,86.098,29.3
Denmark,2007,39111.51902576163,136.53595,86.293,26.0
Denmark,2008,41467.38618797774,137.340525,86.487,26.0
Denmark,2009,40503.20463068214,138.077375,86.654,26.6
Denmark,2010,43042.39463702105,138.692075,86.795,27.3
Denmark,2011,44443.71638447256,139.2643,86.957,27.8
Denmark,2012,44755.16242730184,139.7893,87.142,28.5
Denmark,2013,46869.193288774935,140.3733,87.292,28.9
Denmark,2014,47879.59555582332,141.086875,87.41,29.4
Denmark,2015,48910.33243719005,142.087075,87.526,30.2
Denmark,2016,51820.95213054884,143.20025,87.642,31.1
Denmark,2017,55271.59760026619,144.1245,87.757,32.2
Denmark,2018,57233.623168561535,144.8409,87.874,32.6
Denmark,2019,60594.96640019123,145.36055,87.994,33.4
Denmark,2020,62682.289947438905,145.7851,88.116,33.7
Denmark,2021,69715.18096809315,146.418325,88.24,34.8
Denmark,2022,77400.33480088835,147.575925,88.367,35.0
Denmark,2023,73737.44754471046,,88.495,35.5
Denmark,2024,,,88.626,37.3
Estonia,2004,14539.9710841117,32.14319414956358,68.862,26.4
Estonia,2005,16638.077974939715,31.959778249587167,68.735,27.7
Estonia,2006,19348.386858978167,31.771880160415193,68.607,27.4
Estonia,2007,22201.354384926508,31.627270582684595,68.479,27.5
Estonia,2008,22803.519474227294,31.542580797357868,68.351,28.3
Estonia,2009,20478.252475283272,31.481835338523236,68.223,30.2
Estonia,2010,21616.712241846068,31.4101203113942,68.094,30.0
Estonia,2011,24652.361029791802,31.314909176692616,67.965,31.3
Estonia,2012,26242.528265901423,31.203019580089645,67.974,32.1
Estonia,2013,27831.152623421334,30.319691741430873,68.122,32.3
Estonia,2014,29403.658449481492,30.24028065332413,68.269,32.6
Estonia,2015,29720.591116167645,30.260110420979988,68.416,32.0
Estonia,2016,31947.776910743723,30.26892109500805,68.563,33.1
Estonia,2017,34506.64869425049,30.816,68.717,33.6
Estonia,2018,37120.987976167875,30.923438596491227,68.88,34.1
Estonia,2019,40586.378437888896,31.03854970760234,69.051,34.7
Estonia,2020,40672.13404021316,31.099929824561404,69.229,35.2
Estonia,2021,44251.53749834565,31.132912280701753,69.415,36.0
Estonia,2022,47802.00730861263,31.566580856541073,69.609,36.7
Estonia,2023,46790.27001702657,,69.81,36.0
Estonia,2024,,,70.019,36.0
Finland,2004,31199.291450344772,17.16462129419876,82.772,28.2
Finland,2005,32047.706931556433,17.223467612200007,82.905,28.6
Finland,2006,34447.71430264432,17.316983986057675,83.037,29.0
Finland,2007,37844.29315864206,17.39195632871847,83.168,30.0
Finland,2008,40081.22124820658,17.484037512339587,83.299,30.2
Finland,2009,37968.66174323198,17.567854557420205,83.429,30.9
Finland,2010,38950.55258741914,17.648410661401776,83.77,31.6
Finland,2011,40845.956672984925,17.730994767843626,84.313,32.5
Finland,2012,40739.113180942055,17.815561551877323,84.841,32.8
Finland,2013,41325.80520723206,17.897831452170195,85.125,33.6
Finland,2014,41547.098448539335,17.972003027411233,85.175,34.7
Finland,2015,42269.221221819644,18.03011088809187,85.225,35.5
Finland,2016,44562.40110720691,18.082007831265834,85.275,35.9
Finland,2017,47234.85286009387,18.123894445906817,85.325,36.4
Finland,2018,49248.677539586846,18.147950118452226,85.382,37.3
Finland,2019,52276.111572399444,18.167360905471654,85.446,38.5
Finland,2020,53296.57927988517,18.192876883595446,85.517,39.8
Finland,2021,56790.37661776893,18.230165913412076,85.596,35.5
Finland,2022,61344.62222265474,18.279809322459094,85.681,35.9
Finland,2023,61734.45980575697,,85.773,35.7
Finland,2024,,,85.872,35.7
France,2004,28925.1268683664,114.52039293821578,76.883,22.4
France,2005,30431.236724020204,115.38680721824394,77.13,23.4
France,2006,32430.44431447068,116.19309405230871,77.377,24.0
France,2007,34067.466147563864,116.9136546514792,77.621,24.4
France,2008,35053.26270691158,117.56788060421107,77.868,24.8
France,2009,34666.95988782937,118.17296829371189,78.117,25.9
France,2010,35911.54385814089,118.75697142032702,78.369,26.2
France,2011,37510.375989871376,119.33155817567851,78.622,26.7
France,2012,37671.02392685652,119.91018104051268,78.878,27.7
France,2013,39583.35204350454,120.531619539153,79.135,28.9
France,2014,40218.125863777605,121.10532236826485,79.394,29.8
France,2015,40916.10535718004,121.53670211503095,79.655,30.5
France,2016,42880.2351355429,121.85782302116492,79.917,30.9
France,2017,44469.14588568046,122.21197062588918,80.18,31.4
France,2018,46381.05906294552,122.65088018233718,80.444,32.8
France,2019,51130.472314057966,123.05944586590985,80.709,33.8
France,2020,49481.80443096524,123.4594937148096,80.975,35.3
France,2021,52517.33549058571,123.90091077275973,81.242,36.3
France,2022,56181.005813740296,124.30672057886211,81.509,36.9
France,2023,58317.82803069799,,81.777,37.6
France,2024,,,82.044,38.4
Germany,2004,31757.417727618093,236.59219542965278,75.779,21.1
Germany,2005,32313.736788416987,236.46468058263562,75.98,20.6
Germany,2006,34748.75432572376,236.22519786648314,76.179,20.1
Germany,2007,36915.32528321617,235.9433619181461,76.378,20.4
Germany,2008,38443.53862789577,235.52217824054154,76.575,21.4
Germany,2009,37554.44269931737,234.93963741717104,76.771,22.3
Germany,2010,39730.48978852708,234.60690822503372,76.966,22.7
Germany,2011,43398.34439924958,230.30463334863438,77.16,24.3
Germany,2012,44229.39419217385,230.75062546623056,77.17,24.9
Germany,2013,45889.0173022052,231.15571256592526,77.18,25.2
Germany,2014,47938.79682104181,232.10805388363428,77.19,23.2
Germany,2015,48558.44329709691,234.1529868715244,77.2,23.8
Germany,2016,51569.90168411977,235.71292935653767,77.224,24.4
Germany,2017,54110.25366488153,236.5887225577468,77.261,24.8
Germany,2018,56273.04056270154,237.29401225027192,77.312,25.2
Germany,2019,59270.72764969848,237.82295429176565,77.376,26.0
Germany,2020,58685.87269977087,238.01731875554538,77.453,27.2
Germany,2021,62530.76531992412,238.11808580669165,77.544,28.1
Germany,2022,67589.8399055417,239.86141802152508,77.648,28.0
Germany,2023,69205.88307139356,,77.765,28.7
Germany,2024,,,77.895,29.8
Greece,2004,24828.8979383295,84.98945694336695,74.073,17.6
Greece,2005,25003.829746693318,85.23905352986812,74.452,17.6
Greece,2006,28082.1248815718,85.49543832428239,74.827,18.7
Greece,2007,28896.92107090599,85.71352211016291,75.199,19.1
Greece,2008,30440.97090590812,85.94135764158263,75.568,19.8
Greece,2009,29947.786808970803,86.1677036462374,75.932,19.9
Greece,2010,27841.859136359082,86.278828549263,76.292,20.9
Greece,2011,25692.574085132084,86.15127230411171,76.649,22.2
Greece,2012,24582.97419575074,85.6866640806827,77.004,22.9
Greece,2013,25730.880900666445,85.06757951900698,77.355,24.0
Greece,2014,26450.18132672596,84.50281613653995,77.702,24.6
Greece,2015,26614.848375422524,83.94788983708301,78.046,25.4
Greece,2016,27504.549798494816,83.59946470131885,78.387,26.4
Greece,2017,28681.68155850046,83.43428238944918,78.724,27.2
Greece,2018,29792.05925195854,83.26518231186967,79.058,27.7
Greece,2019,31927.379215136873,83.17751745539178,79.388,27.8
Greece,2020,29533.08774029898,82.99921644685803,79.715,28.5
Greece,2021,33531.155112260145,81.99539953452289,80.038,30.1
Greece,2022,38969.02216753726,80.968828549263,80.357,30.5
Greece,2023,41181.99121643255,,80.673,29.9
Greece,2024,,,80.984,30.4
Hungary,2004,16269.308764051044,112.7777951350145,65.896,14.1
Hungary,2005,17108.34058200248,112.56628724472715,66.365,14.5
Hungary,2006,18383.632220333813,112.39113938176543,66.895,15.0
Hungary,2007,19098.626306987524,112.21716326302868,67.421,15.4
Hungary,2008,20721.50241061436,112.02084588773575,67.943,16.4
Hungary,2009,20722.065336530028,110.71081409477522,68.46,16.9
Hungary,2010,21738.896594307946,110.46087484811665,68.911,17.1
Hungary,2011,23029.447178209117,110.14831547553297,69.358,18.0
Hungary,2012,23267.44839290897,109.58093449685187,69.678,19.0
Hungary,2013,24547.9805346257,109.27959792334033,69.953,19.5
Hungary,2014,25691.52725563506,108.11382862152092,70.227,20.2
Hungary,2015,26806.044589981135,107.85698005698006,70.5,20.9
Hungary,2016,27941.92685718322,107.53915187376725,70.779,20.6
Hungary,2017,29496.163682474365,107.25362699978085,71.062,20.9
Hungary,2018,31908.86345434904,107.11772956388342,71.351,21.8
Hungary,2019,35152.60369612443,107.06926364234056,71.644,22.5
Hungary,2020,35029.913223325595,106.83923953539338,71.942,23.6
Hungary,2021,38324.18148726559,106.39810431733508,72.245,25.5
Hungary,2022,43701.91294111869,105.68022134560596,72.552,25.6
Hungary,2023,45021.30099709811,,72.864,25.8
Hungary,2024,,,73.179,27.0
Iceland,2004,35617.21359796759,2.9134563591022444,92.914,22.9
Iceland,2005,37322.73992727925,2.959940149625935,93.037,24.9
Iceland,2006,39700.081709912534,3.0302443890274313,93.159,24.0
Iceland,2007,41472.84493501839,3.1078902743142143,93.278,24.8
Iceland,2008,43728.114056412305,3.166224438902743,93.395,25.5
Iceland,2009,41862.95992539064,3.1770473815461346,93.511,26.5
Iceland,2010,39768.41695991389,3.1724788029925186,93.574,26.3
Iceland,2011,40936.86783051303,3.1821845386533667,93.587,27.4
Iceland,2012,42004.44761105966,3.1991620947630923,93.6,28.5
Iceland,2013,44409.66895309035,3.22956608478803,93.633,29.3
Iceland,2014,45996.96874769013,3.2656957605985037,93.667,30.2
Iceland,2015,49214.26486145837,3.2999002493765586,93.7,31.7
Iceland,2016,53480.39719467644,3.3460249376558604,93.735,33.4
Iceland,2017,55638.49205917962,3.425436408977556,93.773,35.3
Iceland,2018,57197.76762471731,3.4981751462858277,93.813,36.5
Iceland,2019,60523.81794408269,3.575949618169196,93.855,37.7
Iceland,2020,55796.74546676341,3.6344639492214617,93.898,36.8
Iceland,2021,61741.57940637767,3.694535356540712,93.944,35.8
Iceland,2022,73614.94230257417,3.7885847466031937,93.992,36.4
Iceland,2023,76356.8105649868,,94.042,37.5
Iceland,2024,,,94.094,40.0
Ireland,2004,38734.44393991485,59.083495427493105,60.202,24.7
Ireland,2005,40466.23435157114,60.38487443750907,60.477,25.7
Ireland,2006,44232.10174855741,62.034997822615765,60.738,27.5
Ireland,2007,46784.08613353655,63.854579764842505,60.94,30.1
Ireland,2008,44169.0943411644,65.16974887501814,61.141,31.3
Ireland,2009,41469.83790025603,65.83502685440557,61.342,32.6
Ireland,2010,43216.98473024063,66.19473073014952,61.542,33.9
Ireland,2011,45525.718123904226,66.48401799970968,61.742,34.4
Ireland,2012,46726.21576653661,66.76633763971549,61.942,35.7
Ireland,2013,48838.77198255254,67.11882711569169,62.141,37.3
Ireland,2014,52640.7843918553,67.61126433444622,62.34,38.0
Ireland,2015,71607.45682946494,68.2531136594571,62.538,39.0
Ireland,2016,73126.23894774789,69.02794309769197,62.737,39.5
Ireland,2017,80786.00146644823,69.78353897517782,62.947,40.4
Ireland,2018,86843.77094230156,70.65344752503992,63.17,40.5
Ireland,2019,92808.03794084028,71.62636086514733,63.405,40.7
Ireland,2020,98866.41914238143,72.3672811728843,63.653,42.8
Ireland,2021,118701.84404024784,73.06087966323123,63.912,45.4
Ireland,2022,137346.37171904475,74.98475831034983,64.183,46.1
Ireland,2023,124900.93863524149,,64.466,46.6
Ireland,2024,,,64.76,48.3
Italy,2004,29658.06648666738,195.0687039679695,67.62,9.8
Italy,2005,30240.339519976624,196.0296092899316,67.738,10.8
Italy,2006,32603.40448395861,196.61968158854043,67.856,11.4
Italy,2007,34294.343055177924,197.61499130928792,67.974,12.0
Italy,2008,35653.83787187152,198.92847577759892,68.092,12.7
Italy,2009,34752.20537723652,199.83688852217315,68.209,12.8
Italy,2010,35297.80781654319,200.45251557226817,68.327,13.0
Italy,2011,36789.0542705936,200.79754698733254,68.444,13.2
Italy,2012,36678.1175205307,201.3395092622025,68.684,13.9
Italy,2013,36506.305244890835,203.68712083809575,68.979,14.4
Italy,2014,36383.14488657868,205.56455812632305,69.272,15.0
Italy,2015,37085.98023197814,205.36653839130523,69.565,15.5
Italy,2016,40140.50361022445,205.01794953300103,69.855,15.7
Italy,2017,41770.28382892376,204.7109374471625,70.144,16.5
Italy,2018,43190.59582754064,204.32222590440892,70.438,17.2
Italy,2019,46661.91051596114,201.9805455891951,70.736,17.5
Italy,2020,44435.64343935265,200.99910049134814,71.039,17.8
Italy,2021,49825.39341118537,199.9654162594643,71.346,17.8
Italy,2022,56218.766485131695,199.55926890301637,71.657,18.1
Italy,2023,57801.366262447096,,71.973,19.2
Italy,2024,,,72.292,19.7
Latvia,2004,11761.314151213972,36.3688109663008,67.9,15.9
Latvia,2005,13343.889448178355,35.977935622800395,68.0,16.9
Latvia,2006,15024.636147562187,35.64942870458161,67.967,17.4
Latvia,2007,17281.04226402756,35.35965095537307,67.9,18.5
Latvia,2008,18634.730960853933,34.989988268757934,67.834,20.7
Latvia,2009,16559.522777987542,34.41703762032558,67.814,21.4
Latvia,2010,17343.46586666126,33.70811705529754,67.841,22.6
Latvia,2011,18618.7015409025,33.099924470085334,67.869,23.6
Latvia,2012,20494.04648064762,32.691902228935994,67.897,25.2
Latvia,2013,21850.126636247256,32.343628971346845,67.925,27.0
Latvia,2014,22973.693280582014,32.04046475002812,67.952,26.9
Latvia,2015,24137.876435859955,31.77924373664165,67.98,28.1
Latvia,2016,25802.155578417452,31.490140935606732,68.021,29.5
Latvia,2017,27645.822624965287,31.212303340993458,68.075,30.0
Latvia,2018,29817.804726318187,30.970061227441466,68.142,30.1
Latvia,2019,32199.096037709012,30.755491989007986,68.222,31.4
Latvia,2020,32741.420769198656,30.539112968021854,68.315,33.2
Latvia,2021,36913.752112260496,30.282661095934436,68.421,34.2
Latvia,2022,39965.25114093611,30.200594568536076,68.54,34.5
Latvia,2023,41491.510668640796,,68.671,34.0
Latvia,2024,,,68.815,34.7
Lithuania,2004,13097.437566294846,53.87803126994257,66.646,20.8
Lithuania,2005,14514.78329421664,53.007785577536694,66.635,22.4
Lithuania,2006,16446.977802261026,52.1682992980217,66.706,22.0
Lithuania,2007,19113.98613861644,51.5522335673261,66.777,23.7
Lithuania,2008,20735.707977609563,51.028815317112084,66.848,25.3
Lithuania,2009,18167.63790382717,50.46535301156761,66.842,25.5
Lithuania,2010,19827.948684183993,49.41814120462704,66.757,26.9
Lithuania,2011,22701.554605976657,48.315330120943294,66.741,27.9
Lithuania,2012,24578.130608531515,47.67165012604908,66.864,28.6
Lithuania,2013,26595.356684010912,47.190889509373754,66.986,29.8
Lithuania,2014,28052.456524354144,46.805538707102954,67.108,31.4
Lithuania,2015,28915.57151335327,46.36727853152434,67.23,33.2
Lithuania,2016,30870.24053975396,45.78766642188947,67.366,34.1
Lithuania,2017,33760.62939794002,45.152583771012594,67.516,34.8
Lithuania,2018,36721.93255012061,44.73164617595402,67.679,36.1
Lithuania,2019,40809.93082442346,44.62052060044714,67.855,37.9
Lithuania,2020,41491.32818242738,44.63246566592143,68.046,38.7
Lithuania,2021,45997.03755411504,44.734690943938666,68.249,39.8
Lithuania,2022,50498.382396334644,45.23095968308734,68.465,41.3
Lithuania,2023,50914.863814666576,,68.694,41.0
Lithuania,2024,,,68.936,41.7
Luxembourg,2004,64694.43341610282,177.93828608717945,86.177,20.8
Luxembourg,2005,68787.8547494266,180.681774041935,86.598,23.0
Luxembourg,2006,78878.02751614866,183.58684928101428,87.009,20.5
Luxembourg,2007,85129.18881696116,186.4441475105459,87.409,22.7
Luxembourg,2008,90970.72119801471,189.80679443456103,87.8,23.7
Luxembourg,2009,86873.25624195629,193.3543345012158,88.178,30.2
Luxembourg,2010,90346.06882680082,196.91624651383202,88.547,30.3
Luxembourg,2011,94475.03022650235,201.34202900802498,88.906,31.7
Luxembourg,2012,96636.426643956,206.23587082339597,89.249,33.4
Luxembourg,2013,100925.01199224053,211.05785290895955,89.574,35.2
Luxembourg,2014,105296.28458823191,216.09152987422604,89.884,39.6
Luxembourg,2015,107888.57835298181,221.25183533634237,90.179,35.2
Luxembourg,2016,113365.17608226545,226.07226369801822,90.46,36.4
Luxembourg,2017,114985.8422359888,231.635372078028,90.727,34.1
Luxembourg,2018,116498.51208091943,236.146609386046,90.981,38.3
Luxembourg,2019,121403.8237190457,240.82759102879828,91.223,41.0
Luxembourg,2020,122114.10159932592,244.87426489438562,91.453,40.9
Luxembourg,2021,135501.63664580855,248.62068161866955,91.672,44.5
Luxembourg,2022,144872.6966117157,253.68543306169062,91.881,46.0
Luxembourg,2023,139466.40146669644,,92.078,45.7
Luxembourg,2024,,,92.266,48.2
Malta,2004,21568.722986055862,1253.9625,93.407,10.0
Malta,2005,22227.475531503518,1261.98125,93.645,10.3
Malta,2006,23223.948848008986,1266.5875,93.784,11.1
Malta,2007,25012.608984333263,1271.0125,93.857,11.7
Malta,2008,26653.897495698882,1279.309375,93.929,12.1
Malta,2009,26767.89472394576,1288.990625,94.001,12.8
Malta,2010,28912.441954019712,1295.3375,94.072,14.2
Malta,2011,29425.97504014637,1300.8375,94.141,15.1
Malta,2012,30716.129065368994,1312.5875,94.211,16.6
Malta,2013,33048.18428678303,1331.146875,94.279,17.9
Malta,2014,35118.48609605654,1357.99375,94.347,19.4
Malta,2015,38307.36917494918,1390.790625,94.414,19.9
Malta,2016,40923.44113846805,1422.9875,94.48,20.3
Malta,2017,45676.69318393646,1462.496875,94.546,22.1
Malta,2018,48105.950130610785,1514.46875,94.612,24.7
Malta,2019,51377.36985986566,1575.19375,94.678,27.0
Malta,2020,49929.96680038377,1610.4125,94.744,28.2
Malta,2021,56748.730282944554,1620.425,94.81,29.6
Malta,2022,60352.48307555966,1660.971875,94.875,29.4
Malta,2023,63419.82369945415,,94.941,30.8
Malta,2024,,,95.006,33.3
Netherlands,2004,35965.54680211359,482.2801836492891,81.514,25.4
Netherlands,2005,37778.48643600654,483.4084123222749,82.63,24.5
Netherlands,2006,41216.8840677591,484.18545616113744,83.636,24.8
Netherlands,2007,44205.04498361263,485.23981042654026,84.539,25.5
Netherlands,2008,46714.3454301392,487.13249407582936,85.402,26.3
Netherlands,2009,44935.74574964813,490.0796916691373,86.288,26.8
Netherlands,2010,45306.30780548948,492.59988141120664,87.134,27.7
Netherlands,2011,47004.137073906204,495.04964412811387,87.879,28.0
Netherlands,2012,47653.34016513706,496.8849940688019,88.588,28.6
Netherlands,2013,49622.05196147994,498.7958444642327,89.187,29.3
Netherlands,2014,49751.30928608216,500.5938854259424,89.69,29.7
Netherlands,2015,50970.34848439098,503.11621621621623,90.173,30.5
Netherlands,2016,53162.27915980258,505.8008316008316,90.635,31.0
Netherlands,2017,56037.567993605655,508.8,91.077,32.1
Netherlands,2018,58819.26091425824,511.7797445797446,91.49,33.0
Netherlands,2019,62345.2538465432,515.1432729432729,91.876,34.8
Netherlands,2020,62596.630202752414,518.013068013068,92.236,36.6
Netherlands,2021,68573.56487864463,520.7319275319276,92.572,37.5
Netherlands,2022,77152.22376133612,525.7196911196911,92.886,38.8
Netherlands,2023,78305.28883589678,,93.179,38.4
Netherlands,2024,,,93.453,38.7
Norway,2004,42672.93753489355,12.572170932308266,77.399,27.9
Norway,2005,47966.8640112608,12.658088839241712,77.675,28.4
Norway,2006,54369.1766461345,12.76044781023097,77.95,28.2
Norway,2007,56181.304566685714,12.893170045230038,78.234,29.2
Norway,2008,62072.75398549091,13.054867431087164,78.526,30.2
Norway,2009,55618.63376418357,13.22054845527921,78.815,30.7
Norway,2010,58219.61434635231,13.386262334220412,79.102,31.4
Norway,2011,62460.09081570024,13.561038648136588,79.455,32.1
Norway,2012,65774.35207462238,13.740329752165676,79.874,33.0
Norway,2013,67377.92622587722,13.912088683768339,80.286,34.2
Norway,2014,66332.46143741976,14.07044490945145,80.692,36.1
Norway,2015,60754.18169163768,14.207938482551718,81.091,36.7
Norway,2016,59280.19920288285,14.335424379740111,81.485,36.8
Norway,2017,64589.5559196863,14.452576255124985,81.871,36.8
Norway,2018,70253.84636933861,14.5488896436123,82.248,37.5
Norway,2019,70939.60551803617,14.64799750201318,82.616,37.7
Norway,2020,67110.60457055,14.767215229833784,82.974,38.8
Norway,2021,88984.1386736517,14.847009086666484,83.323,40.6
Norway,2022,122619.26292024109,14.980994866445219,83.664,41.1
Norway,2023,100928.35455908814,,83.995,41.9
Norway,2024,,,84.318,42.7
Poland,2004,13414.857393442866,124.6440831782718,61.564,12.6
Poland,2005,13935.557314821379,124.58931544412889,61.452,13.9
Poland,2006,15208.126622577034,124.51445220684252,61.341,14.9
Poland,2007,16833.85225643818,124.44685296422043,61.229,15.7
Poland,2008,18372.376454830013,124.47195233431276,61.116,16.5
Poland,2009,19290.120471782833,124.56446062426538,61.004,18.1
Poland,2010,20993.24956025771,124.20920073135693,60.892,19.4
Poland,2011,22808.50552688992,124.2962969010221,60.78,20.3
Poland,2012,23728.145682143484,124.30005878126838,60.654,21.5
Poland,2013,24433.891434487694,124.22911074099474,60.529,22.6
Poland,2014,25459.739227376136,124.14427316372188,60.403,23.8
Poland,2015,26995.34087137449,124.0615696136386,60.278,24.4
Poland,2016,28359.692734626555,124.00825304549463,60.178,25.2
Poland,2017,30170.28189740874,124.0237303634998,60.105,26.3
Poland,2018,32345.10660762248,124.03158376065585,60.058,27.2
Poland,2019,35882.365506555274,124.02559537421189,60.037,28.6
Poland,2020,36714.16866604241,123.800574919152,60.043,29.3
Poland,2021,41059.5847829682,120.81528585429598,60.075,29.4
Poland,2022,46077.3855556036,120.29713156261231,60.134,30.0
Poland,2023,46570.47026555517,,60.218,33.2
Poland,2024,,,60.33,34.3
Portugal,2004,21478.429734514684,114.57771584699454,56.907,10.9
Portugal,2005,22725.277494608355,114.82814037389308,57.522,11.1
Portugal,2006,24682.56462369332,115.03539958456325,58.137,11.7
Portugal,2007,25738.936909353128,115.26144090958785,58.749,12.0
Portugal,2008,26665.837295293903,115.42775773477643,59.359,12.6
Portugal,2009,26458.10969579254,115.38647232230593,59.964,13.1
Portugal,2010,27295.103556180184,115.43945845616334,60.567,13.9
Portugal,2011,26803.23369046455,115.2697892783055,61.167,15.5
Portugal,2012,26476.218277726937,114.80340648542418,61.763,16.7
Portugal,2013,27966.087425470465,114.15612869138434,62.352,17.6
Portugal,2014,28764.52549550424,113.54177037211699,62.936,19.7
Portugal,2015,29615.95608541083,113.07251958395555,63.514,20.7
Portugal,2016,31589.269560955247,112.71638415118726,64.086,21.4
Portugal,2017,32970.83953865624,112.44181578418785,64.652,21.8
Portugal,2018,34896.799338297526,112.26193595151388,65.211,22.6
Portugal,2019,37865.560356429654,112.28858279406498,65.764,23.9
Portugal,2020,35966.71279656083,112.40667601107356,66.31,24.8
Portugal,2021,38657.66772234268,113.11351052774066,66.849,26.2
Portugal,2022,44557.28105357234,113.90495777550717,67.381,26.8
Portugal,2023,47331.09829750073,,67.906,27.1
Portugal,2024,,,68.423,28.6
Romania,2004,8990.547354734437,93.26846956521739,53.043,8.6
Romania,2005,9602.16630030352,92.70234368205931,53.174,9.1
Romania,2006,11556.534495075926,92.15479606922341,53.305,9.6
Romania,2007,13703.203573563542,90.83901866109879,53.436,9.9
Romania,2008,16782.117298898393,89.33394954327969,53.567,10.7
Romania,2009,16632.080272715855,88.53119620968442,53.698,11.2
Romania,2010,17356.703709335492,88.01074114322974,53.829,11.9
Romania,2011,18803.880215734374,87.53324933744624,53.96,12.9
Romania,2012,19807.41628075308,87.20126510738197,53.974,13.5
Romania,2013,19678.14437994551,86.87429030995958,53.937,13.8
Romania,2014,20632.979448975566,86.53068063282336,53.9,14.2
Romania,2015,21630.46444141122,86.12489568845619,53.887,15.0
Romania,2016,23905.250143724923,85.63224530598053,53.9,15.1
Romania,2017,26943.432372266863,85.1387126216968,53.936,15.3
Romania,2018,29586.499830966895,84.63999478442281,53.998,15.5
Romania,2019,33638.68598612758,84.19527121001391,54.084,16.0
Romania,2020,34386.011734516964,83.73283205841446,54.194,16.2
Romania,2021,37732.5554954853,83.11047896383866,54.329,16.4
Romania,2022,42217.99360368282,82.7907771210014,54.489,17.1
Romania,2023,45777.03873174082,,54.672,16.1
Romania,2024,,,54.88,16.5
Slovakia,2004,15167.925534327109,111.68981288981288,55.713,10.3
Slovakia,2005,16570.2574196157,111.70076923076923,55.563,11.4
Slovakia,2006,18909.776167003198,111.70590436590436,55.412,11.9
Slovakia,2007,21233.037349977898,111.73850311850312,55.261,11.9
Slovakia,2008,23714.135357099065,111.83436590436591,55.111,12.3
Slovakia,2009,23065.375476520258,112.00677895612394,54.96,13.4
Slovakia,2010,25384.491136635406,112.10887692083757,54.685,15.1
Slovakia,2011,26201.650282088598,112.26052237564465,54.42,16.4
Slovakia,2012,27022.774732138194,112.45173432041258,54.28,17.0
Slovakia,2013,28075.432623671855,112.57263766428215,54.14,17.7
Slovakia,2014,29108.072180194013,112.7006863560732,54.0,18.1
Slovakia,2015,30156.027099272185,112.80314878748804,53.889,18.9
Slovakia,2016,29867.980339008056,112.9533693843594,53.806,19.7
Slovakia,2017,30245.782586975736,113.1287853577371,53.751,20.7
Slovakia,2018,31509.818729163515,113.28558652246257,53.726,22.0
Slovakia,2019,33985.67584196617,113.43899750415973,53.729,23.1
Slovakia,2020,35327.94391655881,113.53633527454242,53.76,23.9
Slovakia,2021,38356.0501231018,113.29548668885191,53.82,24.7
Slovakia,2022,41111.74752593066,112.97321131447588,53.909,26.0
Slovakia,2023,43625.36418752286,,54.027,25.8
Slovakia,2024,,,54.172,25.7
Slovenia,2004,22590.79212995443,99.15650446871896,51.308,15.4
Slovenia,2005,23682.371084915292,99.32840119165839,51.533,16.7
Slovenia,2006,25576.519316704642,99.64587884806356,51.758,17.8
Slovenia,2007,27469.041298856744,100.2046673286991,51.983,18.5
Slovenia,2008,29460.941424351513,100.33237037257646,52.209,19.0
Slovenia,2009,27214.46531475461,101.24537124363391,52.433,19.6
Slovenia,2010,27582.497741718555,101.68582660749918,52.658,20.2
Slovenia,2011,28715.633995496282,101.89829246500545,52.883,21.6
Slovenia,2012,28786.710551768625,102.1140491519282,53.108,23.0
Slovenia,2013,29634.06576114706,102.28167825223436,53.332,24.4
Slovenia,2014,30571.975301983166,102.38232373386296,53.557,25.1
Slovenia,2015,31344.628974305822,102.44610924111089,53.781,26.6
Slovenia,2016,33575.17754357582,102.52417833382981,54.02,27.2
Slovenia,2017,36180.038454762296,102.610871929328,54.273,28.7
Slovenia,2018,38620.20454363048,102.99229256470868,54.541,28.7
Slovenia,2019,42373.25063692791,103.71193460598715,54.822,29.3
Slovenia,2020,41767.257989995844,104.40888142865656,55.118,31.5
Slovenia,2021,45914.05723924055,104.68996444250213,55.427,35.4
Slovenia,2022,51079.17806919334,104.88846069803937,55.751,35.1
Slovenia,2023,53952.20473000242,,56.088,29.8
Slovenia,2024,,,56.438,30.5
Spain,2004,26163.30462454519,85.98480508033174,77.022,24.3
Spain,2005,27629.70770249655,87.46549720491294,77.263,26.1
Spain,2006,30755.29878886458,88.97614934466311,77.502,26.4
Spain,2007,32537.34354027355,90.61490052293081,77.74,26.8
Spain,2008,33349.94258061295,92.12932237369687,77.976,27.0
Spain,2009,32201.47735278142,92.97506517466812,78.21,27.4
Spain,2010,31808.21798795387,93.15193096138077,78.442,28.4
Spain,2011,32015.57520004012,93.50783588061135,78.673,29.3
Spain,2012,31869.783982221932,93.50683712840608,78.902,30.0
Spain,2013,32602.602496307365,93.2009456028468,79.133,30.9
Spain,2014,33746.32052622105,92.9227364506907,79.366,31.7
Spain,2015,35220.97620339294,92.95268592105448,79.602,32.1
Spain,2016,37591.74319455341,93.04926295729877,79.84,32.7
Spain,2017,39806.4420431184,93.27091015496329,80.08,33.2
Spain,2018,41001.35887039879,93.66979207925012,80.321,34.0
Spain,2019,44027.49323075972,94.35080890239782,80.565,35.1
Spain,2020,39322.674308640155,94.815383748924,80.81,36.0
Spain,2021,44277.822537849366,94.8822087969797,81.056,36.2
Spain,2022,50496.60175515456,95.57298272167976,81.304,36.5
Spain,2023,53229.922021794664,,81.552,37.1
Spain,2024,,,81.802,37.5
Sweden,2004,33809.385496801384,22.078699915574152,84.258,24.7
Sweden,2005,34198.386457678134,22.167178892703067,84.319,25.5
Sweden,2006,37679.7205412732,22.292217036542226,84.43,25.9
Sweden,2007,40814.291649806735,22.458139975062583,84.588,26.4
Sweden,2008,41906.69901735424,22.633779619320187,84.746,26.9
Sweden,2009,40073.14815448629,22.827421437193575,84.902,27.6
Sweden,2010,41956.12900515624,23.022862735942507,85.056,28.2
Sweden,2011,44332.52173890775,23.197378011522076,85.297,29.1
Sweden,2012,45206.986443472684,23.369620000211125,85.62,30.1
Sweden,2013,46098.232136883234,23.56848350406307,85.936,31.4
Sweden,2014,46841.401974673914,23.803498652353305,86.247,32.8
Sweden,2015,48785.15518645853,24.05826177288175,86.553,34.0
Sweden,2016,50289.76871441348,24.362449750883012,86.852,35.3
Sweden,2017,51474.11991151606,24.692941976669207,87.146,36.0
Sweden,2018,53122.43867721801,24.981458868837798,87.431,37.1
Sweden,2019,57046.44630769513,25.237887939501082,87.708,37.8
Sweden,2020,57489.265719621755,25.42094382243174,87.977,38.3
Sweden,2021,62731.70061629291,25.574079257513258,88.238,39.6
Sweden,2022,66375.61645557273,25.74872569239835,88.492,41.1
Sweden,2023,67198.02003775252,,88.738,41.9
Sweden,2024,,,88.976,42.8
