country,year,gov_right1,gov_cent1,gov_left1,TAXtotl_per,TAXrespol_per,TAXtotl_eur,TAXrespol_eur,EPS,TAXrespol_eur_log,TAXrespol_per_log
Austria,2004,25.0,66.67,0.0,2.69,0.03,790.4817518819829,8.502238017142998,2.1944444,2.140329424974397,-3.506557897319982
Austria,2005,25.0,66.67,0.0,2.59,0.02,794.3249671328853,7.176862815209213,2.3055556,1.9708623537618664,-3.912023005428146
Austria,2006,25.0,66.67,0.0,2.46,0.03,792.2946467261065,10.064531765256225,2.5277777,2.3090175369223056,-3.506557897319982
Austria,2007,0.68,50.46,48.63,2.46,0.03,835.8038533482121,9.95842679278504,2.25,2.2984191065890696,-3.506557897319982
Austria,2008,0.0,50.0,50.0,2.4,0.03,840.7118143180024,9.057265664731437,2.6666667,2.203567271493419,-3.506557897319982
Austria,2009,0.0,50.0,50.0,2.4,0.02,823.8324226450301,8.359978392302443,2.9444444,2.1234558424404524,-3.912023005428146
Austria,2010,0.0,50.0,50.0,2.4,0.02,844.9956500965396,7.449119999464333,3.0833333,2.0080959045373774,-3.912023005428146
Austria,2011,0.0,50.0,50.0,2.51,0.02,920.8947520765599,7.673110021482087,3.0555556,2.0377220118757453,-3.912023005428146
Austria,2012,0.0,50.0,50.0,2.51,0.02,940.8289996988134,8.559914239528844,2.9444444,2.1470901713568322,-3.912023005428146
Austria,2013,0.0,50.0,50.0,2.56,0.02,970.4648316362264,8.59569828285331,3.2777777,2.151261878449656,-3.912023005428146
Austria,2014,0.0,50.0,50.0,2.62,0.02,1011.6650886061849,8.857576258232163,3.1111112,2.181273167173679,-3.912023005428146
Austria,2015,0.0,50.0,50.0,2.64,0.02,1045.413012763721,9.153390624849946,2.9444444,2.2141243707398854,-3.912023005428146
Austria,2016,0.0,50.0,50.0,2.65,0.02,1077.21273144407,9.301028721704888,2.9444444,2.230125009278881,-3.912023005428146
Austria,2017,1.64,50.27,48.08,2.64,0.02,1102.515172946699,9.81521479918423,2.9444444,2.283933712275938,-3.912023005428146
Austria,2018,50.0,50.0,0.0,2.5,0.03,1082.603615782373,11.766274860949936,3.0833333,2.465237376780487,-3.506557897319982
Austria,2019,19.32,21.29,0.0,2.45,0.02,1090.5323471382626,11.112712727141686,3.1388888,2.4080897437066677,-3.912023005428146
Austria,2020,0.0,71.93,26.16,2.32,0.02,988.2857919555574,8.421122044700917,3.3055556,2.1307430788416486,-3.912023005428146
Austria,2021,0.0,73.33,26.67,2.41,0.02,1091.7710618049962,9.534606467743743,,2.254927965808807,-3.912023005428146
Austria,2022,0.0,72.11,27.89,1.9,0.02,942.5868663396466,9.682751905555621,,2.2703461486503866,-3.912023005428146
Austria,2023,0.0,71.43,28.57,,,,,,,
Belgium,2004,46.67,0.0,53.33,2.53,0.22,721.4471894957335,62.30606122921136,2.4722223,4.132058712059522,-1.5141277326297755
Belgium,2005,46.67,0.0,53.33,2.53,0.2,749.6886278026957,59.979289251625474,2.5833333,4.093999323494494,-1.6094379124341003
Belgium,2006,46.67,0.0,53.33,2.36,0.16,726.074184216509,49.60201775547457,2.6388888,3.9040315134573733,-1.8325814637483102
Belgium,2007,46.55,1.08,52.37,2.33,0.15,755.0749597673565,46.95220079618284,2.3055556,3.8491300798737167,-1.8971199848858813
Belgium,2008,45.84,33.85,20.31,2.3,0.14,754.5397173270185,47.56314511717257,2.6388888,3.86205819909728,-1.9661128563728327
Belgium,2009,43.6,36.4,20.0,2.35,0.15,758.4407270027406,46.81149702963731,2.6666667,3.846128835779819,-1.8971199848858813
Belgium,2010,40.0,40.0,20.0,2.43,0.15,809.6581496396798,48.7904000757738,2.5555556,3.8875335737484984,-1.8971199848858813
Belgium,2011,39.89,38.79,21.32,2.53,0.14,867.2468786758498,46.72836235842882,2.9444444,3.844351311339614,-1.9661128563728327
Belgium,2012,38.46,23.08,38.46,2.48,0.13,866.7199907229107,46.14235506258614,3.0555556,3.8317312931115595,-2.0402208285265546
Belgium,2013,38.46,23.08,38.46,2.49,0.13,882.1167648065888,46.51680864404354,2.9444444,3.8398137234925134,-2.0402208285265546
Belgium,2014,44.26,25.92,29.82,2.51,0.13,906.8470255794042,45.48999973860424,2.9444444,3.817492515835688,-2.0402208285265546
Belgium,2015,64.28571428571429,35.714285714285715,0.0,2.55,0.12,939.6767627598456,44.10957552982048,2.8333333,3.7866768910784927,-2.120263536200091
Belgium,2016,64.29,35.71,0.0,2.68,0.13,1013.129684870972,49.44657431344451,2.8888888,3.9008927799045248,-2.0402208285265546
Belgium,2017,64.29,35.71,0.0,2.7,0.12,1054.3677722981959,47.542196776519496,2.9444444,3.8616176698783167,-2.120263536200091
Belgium,2018,65.08204124642481,34.91795875357519,0.0,2.69,0.13,1083.4901103994082,51.09803454153625,3.0,3.933746033486304,-2.0402208285265546
Belgium,2019,76.92,23.08,0.0,2.63,0.12,1097.547388889179,49.969623064884786,3.2222223,3.911415282099422,-2.120263536200091
Belgium,2020,65.12820512820514,21.046658259773015,13.82513661202186,2.5,0.13,1005.5462515222812,50.76870650903697,3.4444444,3.9272801511684667,-2.0402208285265546
Belgium,2021,30.0,15.0,55.0,2.48,0.11,1081.3645031867666,47.26314376721607,,3.855730790223805,-2.2072749131897207
Belgium,2022,29.4,15.31,55.29,2.2,0.1,1059.5956750777598,49.896363164703374,,3.909948117630542,-2.3025850929940455
Belgium,2023,30.0,15.0,55.0,,,,,,,
Bulgaria,2004,88.89,0.0,11.11,3.0,0.18,82.08908804876594,4.833572204238512,,1.5755857811038023,-1.7147984280919266
Bulgaria,2005,72.37,0.0,25.53,2.96,0.14,93.0268448559415,4.45229464215302,,1.4934196131984399,-1.9661128563728327
Bulgaria,2006,44.44,0.0,50.0,2.78,0.12,100.3391386053086,4.175754260413928,,1.4292950031625424,-2.120263536200091
Bulgaria,2007,44.44,0.0,50.0,3.19,0.08,137.31127750672005,3.3464372305124037,,1.2078962666255613,-2.5257286443082556
Bulgaria,2008,42.83,0.0,51.81,3.28,0.13,163.06040084291607,6.3249401639839835,,1.8445005743291492,-2.0402208285265546
Bulgaria,2009,64.62,0.0,29.85,2.84,0.07,142.75614710193898,3.755821624263897,,1.3233070693407323,-2.659260036932778
Bulgaria,2010,90.14,0.0,0.0,2.75,0.08,142.19402647439375,3.9144902258762273,,1.3646851104604862,-2.5257286443082556
Bulgaria,2011,88.24,0.0,0.0,2.67,0.08,150.75538272107613,4.760266553153316,,1.5603036652370887,-2.5257286443082556
Bulgaria,2012,92.83,0.0,0.0,2.65,0.05,153.10390742371084,2.766261952003644,,1.0174969330258061,-2.995732273553991
Bulgaria,2013,24.4,0.0,13.32,2.86,0.08,165.30364626024502,4.3825871992391034,,1.4776392347605674,-2.5257286443082556
Bulgaria,2014,20.920852359208524,0.0,13.964992389649924,2.84,0.07,168.97847129917227,4.238685326479823,,1.4442531566544519,-2.659260036932778
Bulgaria,2015,94.8082191780822,0.0,5.0,2.95,0.07,188.31870923215143,4.267210700041279,,1.4509603819512051,-2.659260036932778
Bulgaria,2016,89.58,0.0,5.21,2.98,0.07,203.59234560010057,4.584850744028119,,1.5227575520767367,-2.659260036932778
Bulgaria,2017,73.03,0.0,1.33,2.8,0.06,207.59200146637616,4.365493410281338,,1.473731220768408,-2.8134107167600364
Bulgaria,2018,100.0,0.0,0.0,2.62,0.06,209.31847049346501,4.546595270601422,,1.5143786606770124,-2.8134107167600364
Bulgaria,2019,100.0,0.0,0.0,3.0,0.05,263.64865424718533,4.532838782750728,,1.5113484060826468,-2.995732273553991
Bulgaria,2020,90.62841530054644,0.0,0.0,3.0,0.04,268.1159472542243,3.8318348027802074,,1.343343749257697,-3.2188758248682006
Bulgaria,2021,36.88,3.22,0.99,2.77,0.04,287.6961235684439,3.932976268522973,,1.3693964594937549,-3.2188758248682006
Bulgaria,2022,11.17,36.29,11.17,4.76,0.03,616.4323763224554,3.9121981706748006,,1.3640994080150024,-3.506557897319982
Bulgaria,2023,2.85,19.95,0.0,,,,,,,
Croatia,2004,6.67,86.67,0.0,3.95,0.54,310.0775914138364,42.52892254797194,,3.7501843750149817,-0.616186139423817
Croatia,2005,6.67,86.67,0.0,3.79,0.49,324.04478271612675,41.8176186648013,,3.73331774988282,-0.7133498878774648
Croatia,2006,0.73,92.6,0.0,3.96,0.75,373.4680163733233,70.83941928377033,,4.2604156153057975,-0.2876820724517809
Croatia,2007,0.0,93.33,0.0,4.02,0.94,414.2320444655107,97.35240708298446,,4.578337457583243,-0.06187540371808753
Croatia,2008,5.39,86.5,0.0,3.75,0.94,423.0823223399281,105.89819952873805,,4.662478250845627,-0.06187540371808753
Croatia,2009,5.28,78.87,0.0,3.7,0.92,393.6907646856195,97.58242452524064,,4.580697400617662,-0.08338160893905101
Croatia,2010,5.16,81.75,0.0,3.81,0.83,407.7941494524293,88.74321458611682,,4.485746970064967,-0.18632957819149348
Croatia,2011,0.56,82.13,1.68,3.4,0.78,363.7648921114735,83.41544756813379,,4.4238335148526,-0.2484613592984996
Croatia,2012,22.73,0.0,68.18,3.24,0.73,341.0644338705013,77.09427917963895,,4.3450290778116445,-0.31471074483970024
Croatia,2013,23.27,0.0,67.42,3.53,0.74,373.9251691457708,78.67646121019708,,4.365344015516444,-0.3011050927839216
Croatia,2014,23.809523809523807,0.0,64.0965427266797,3.94,0.83,415.6608985438397,87.17873532879634,,4.467960440267729,-0.18632957819149348
Croatia,2015,20.521852576647092,0.0,61.904761904761905,4.2,0.89,460.0690074607543,97.41011266401316,,4.578930031378163,-0.11653381625595151
Croatia,2016,21.04,52.11,3.55,4.3,0.89,497.6153354856634,102.65002494602334,,4.631325386485111,-0.11653381625595151
Croatia,2017,10.98,77.42,0.0,4.28,0.87,531.18381791292,107.98466969547982,,4.681989269784678,-0.13926206733350766
Croatia,2018,4.761904761904762,85.71428571428571,0.0,4.33,0.87,575.4799405832617,115.39131688300293,,4.748329107594899,-0.13926206733350766
Croatia,2019,4.761904761904762,85.71428571428571,0.0,4.24,0.82,599.1077103046293,115.34186292060294,,4.747900439613993,-0.19845093872383832
Croatia,2020,5.113192818110851,87.11943793911007,0.0,4.06,0.83,525.6902677069116,107.69233913595758,,4.679278450118519,-0.18632957819149348
Croatia,2021,5.56,88.89,0.0,3.87,0.77,582.0007883513737,116.52544830717139,,4.758109689556028,-0.2613647641344075
Croatia,2022,5.57,84.34,0.0,3.36,0.7,589.4039408752008,123.20389787327191,,4.813840689180682,-0.35667494393873245
Croatia,2023,5.56,88.72,0.0,,,,,,,
Cyprus,2004,28.12,0.0,50.0,3.97,0.34,543.9862458553358,47.20618936509886,,3.854525014611143,-1.0788096613719298
Cyprus,2005,25.0,0.0,42.37,3.65,0.33,529.4691603829943,47.676448702940014,,3.864437538081754,-1.1086626245216111
Cyprus,2006,42.78,0.0,41.67,3.4,0.31,524.2702609401584,47.846300044195,,3.8679937908590434,-1.171182981502945
Cyprus,2007,36.58,0.0,30.09,3.43,0.29,562.3306864644258,47.384484587690665,,3.858294845743463,-1.2378743560016174
Cyprus,2008,29.03,0.0,51.62,3.29,0.27,573.5701990603341,47.27660019101286,,3.8560154625388394,-1.3093333199837622
Cyprus,2009,25.0,0.0,58.33,3.07,0.28,516.1212975641151,47.387213114458554,,3.858352426790016,-1.2729656758128873
Cyprus,2010,25.0,0.0,45.78,3.02,0.28,521.3527738567284,47.51661618561893,,3.861079464303874,-1.2729656758128873
Cyprus,2011,14.79,0.0,43.38,3.02,0.28,523.448464142389,47.6496585674749,,3.863875464649039,-1.2729656758128873
Cyprus,2012,0.0,0.0,33.42,2.86,0.29,478.96982744935843,48.9875982176031,,3.891567168476087,-1.2378743560016174
Cyprus,2013,83.33,0.0,3.97,3.03,0.32,461.83994357607725,48.79655712711009,,3.8876597596963123,-1.1394342831883648
Cyprus,2014,72.99,0.0,0.0,3.39,0.34,492.5690692552261,48.90160683840336,,3.889810255622009,-1.0788096613719298
Cyprus,2015,75.0,0.0,0.0,3.36,0.33,494.70193570818253,49.11021056136029,,3.8940669675874777,-1.1086626245216111
Cyprus,2016,68.67,0.0,0.0,3.23,0.32,496.5839794618434,49.4943060935469,,3.9018576345451756,-1.1394342831883648
Cyprus,2017,66.67,0.0,0.0,3.26,0.32,528.0022323653106,51.63142054174723,,3.944130412395437,-1.1394342831883648
Cyprus,2018,52.69406392694064,0.0,0.0,3.09,0.31,530.8730288013963,53.43355863565789,,3.9784389874511326,-1.171182981502945
Cyprus,2019,45.8,0.0,0.0,2.75,0.29,500.6485729452207,52.670807067230086,,3.9640613564694154,-1.2378743560016174
Cyprus,2020,72.44990892531877,0.0,0.0,2.59,0.3,445.8294010276084,52.202078407552484,,3.955122310332585,-1.2039728043259361
Cyprus,2021,87.74,0.0,0.0,2.49,0.27,485.3075474319237,52.22768537981597,,3.9556127255523084,-1.3093333199837622
Cyprus,2022,96.42,0.0,0.0,2.07,0.23,458.27981703057753,50.654588882128934,,3.9250298264353733,-1.4696759700589417
Cyprus,2023,16.16,0.0,0.0,,,,,,,
Czechia,2004,17.25,17.25,58.57,2.41,0.03,229.02783840230668,2.856694270263676,2.4166667,1.049665106764325,-3.506557897319982
Czechia,2005,12.85,16.67,52.24,2.45,0.03,265.23873356513076,2.9526356116646637,2.4166667,1.082698199165709,-3.506557897319982
Czechia,2006,27.49,11.89,27.75,2.37,0.02,288.13823353180834,2.7122040882301377,2.7222223,0.9977616210189008,-3.912023005428146
Czechia,2007,50.22,21.74,16.3,2.3,0.02,310.58873883513735,3.245029434417198,2.6388888,1.177124420813589,-3.912023005428146
Czechia,2008,50.0,22.22,16.67,2.25,0.02,350.8838999430214,3.076670335880919,3.0833333,1.1238479524399547,-3.912023005428146
Czechia,2009,17.4,7.73,5.8,2.3,0.03,328.18852968842396,4.483941686352732,3.1944444,1.5005025002976808,-3.506557897319982
Czechia,2010,43.98,0.0,0.0,2.24,0.03,341.5409555287601,4.561593445358736,3.1111112,1.5176720022580898,-3.506557897319982
Czechia,2011,88.68,0.0,0.0,2.31,0.03,366.4298546277432,4.323515580280958,3.1111112,1.4640688630387677,-3.506557897319982
Czechia,2012,81.95,0.0,0.0,2.2,0.02,343.1170935377329,3.6200911730189516,3.25,1.2864992114373572,-3.912023005428146
Czechia,2013,37.11,3.2,0.0,2.09,0.02,318.7429429255777,2.708699185259807,3.0,0.9964685142129345,-3.912023005428146
Czechia,2014,32.58662369057212,16.804727370400215,43.44883158742949,2.11,0.02,317.99046625256153,2.78090594067825,2.5,1.0227767525576787,-3.912023005428146
Czechia,2015,35.294117647058826,17.647058823529413,47.05882352941176,2.04,0.02,329.7279106820851,2.9375902410559243,2.5555556,1.0775895993578803,-3.912023005428146
Czechia,2016,35.29,17.65,47.06,2.08,0.01,352.85470871064814,2.45780655008758,2.7222223,0.899269305885388,-4.605170185988091
Czechia,2017,38.66,16.73,44.61,1.98,0.01,367.83263066903595,2.1114852906779955,2.7222223,0.7473916290772794,-4.605170185988091
Czechia,2018,82.83105022831049,0.0,17.168949771689494,1.93,0.01,388.44477591946065,2.3546725810372373,2.8888888,0.8564016863959258,-4.605170185988091
Czechia,2019,66.67,0.0,33.33,2.0,0.01,430.55809338007305,2.2526511286213196,3.1111112,0.8121078019772283,-4.605170185988091
Czechia,2020,66.66666666666666,0.0,33.33333333333333,1.88,0.01,387.74678071068064,2.791212969923512,2.9444444,1.0264762575991468,-4.605170185988091
Czechia,2021,66.67,1.37,31.96,1.78,0.01,416.28925508758425,2.5357489197366934,,0.9304890252605452,-4.605170185988091
Czechia,2022,66.67,33.33,0.0,1.42,0.01,381.9794721160317,2.3912779075343806,,0.8718279123929348,-4.605170185988091
Czechia,2023,68.09,31.91,0.0,,,,,,,
Denmark,2004,100.0,0.0,0.0,4.98,0.31,1868.3128927381752,116.03059141389537,2.8055556,4.753853875423904,-1.171182981502945
Denmark,2005,100.0,0.0,0.0,4.91,0.3,1932.8187898658014,116.30370119968292,3.0277777,4.756204883607074,-1.2039728043259361
Denmark,2006,100.0,0.0,0.0,4.68,0.29,1943.241022336201,119.372361728455,3.1388888,4.782247697852628,-1.2378743560016174
Denmark,2007,100.0,0.0,0.0,4.74,0.29,2029.1469023359782,125.0769485985193,3.1388888,4.8289291366934,-1.2378743560016174
Denmark,2008,100.0,0.0,0.0,4.15,0.28,1834.4458054168645,121.54460600758588,3.1944444,4.800281323040195,-1.2729656758128873
Denmark,2009,100.0,0.0,0.0,3.98,0.26,1672.0950843684564,108.48808503203367,3.4166667,4.686640351577403,-1.3470736479666092
Denmark,2010,100.0,0.0,0.0,4.01,0.21,1760.8215898421017,90.74779507048258,4.0833335,4.508084176105796,-1.5606477482646683
Denmark,2011,81.77,0.0,18.23,4.01,0.21,1787.3532556441241,91.58664496213315,4.2222223,4.517285463693992,-1.5606477482646683
Denmark,2012,26.09,0.0,73.91,3.97,0.23,1805.5065731068114,105.12070666352861,3.8888888,4.655109277159753,-1.4696759700589417
Denmark,2013,26.56,0.0,73.44,4.12,0.25,1902.6552770363026,117.17506106930591,4.0555553,4.76366906498897,-1.3862943611198906
Denmark,2014,32.64383561643835,0.0,67.35616438356163,4.01,0.21,1887.445235426754,100.8509827721395,4.1111112,4.613644009242571,-1.5606477482646683
Denmark,2015,65.86301369863014,0.0,34.13698630136986,3.98,0.23,1908.424816261437,109.92027248080095,4.0277777,4.699755307371994,-1.4696759700589417
Denmark,2016,100.0,0.0,0.0,3.93,0.2,1934.7085637071164,97.01449543558758,3.9444444,4.574860404818999,-1.6094379124341003
Denmark,2017,100.0,0.0,0.0,3.67,0.17,1871.7046720023313,88.23621244132677,4.0277777,4.480017450648296,-1.7719568419318752
Denmark,2018,100.0,0.0,0.0,3.59,0.17,1866.7413693231676,90.68053291577172,3.7777777,4.507342702505294,-1.7719568419318752
Denmark,2019,48.49,0.0,51.51,3.32,0.16,1762.2714691159329,85.47883177382033,3.6666667,4.448268763696587,-1.8325814637483102
Denmark,2020,0.0,0.0,100.0,3.17,0.17,1696.2090090139527,88.74535189124266,3.7222223,4.485771053927588,-1.7719568419318752
Denmark,2021,0.0,0.0,100.0,2.81,0.16,1656.8315475539007,93.81680879083953,,4.5413440381546835,-1.8325814637483102
Denmark,2022,2.29,0.0,97.71,2.36,0.14,1531.45575743469,91.54270928676205,,4.516805631540438,-1.9661128563728327
Denmark,2023,52.17,0.0,47.83,,,,,,,
Estonia,2004,100.0,0.0,0.0,2.08,0.24,149.62386701405453,16.88011449121133,2.9166667,2.8261362717995087,-1.4271163556401458
Estonia,2005,74.27,25.73,0.0,2.25,0.28,188.75459024561275,23.568489232529387,3.1944444,3.1599106178436465,-1.2729656758128873
Estonia,2006,64.29,35.71,0.0,2.18,0.32,219.74146316109918,32.3208173387486,3.3055556,3.475711522279564,-1.1394342831883648
Estonia,2007,74.89,9.2,15.91,2.21,0.33,270.0495271056479,40.70322522898827,3.1388888,3.7063073332643985,-1.1086626245216111
Estonia,2008,78.57,0.0,21.43,2.39,0.33,296.72647316186647,40.93217360087952,3.4722223,3.711916394417497,-1.1086626245216111
Estonia,2009,90.96,0.0,9.04,3.14,0.38,332.6077264024758,40.119444142628595,3.5,3.691861108128079,-0.9675840262617056
Estonia,2010,100.0,0.0,0.0,3.29,0.31,364.6256970652847,33.947314068983644,3.5555556,3.5248097365593516,-1.171182981502945
Estonia,2011,100.0,0.0,0.0,2.99,0.29,377.0794740850615,36.67211826682808,3.0555556,3.602016746076932,-1.2378743560016174
Estonia,2012,100.0,0.0,0.0,3.1,0.26,424.0883770722827,35.049625915554294,2.5277777,3.556764940543595,-1.3470736479666092
Estonia,2013,100.0,0.0,0.0,2.87,0.28,416.859825932836,40.030440129985124,3.6111112,3.689640167947413,-1.2729656758128873
Estonia,2014,67.01,0.0,32.99,2.9,0.28,448.9918564978757,44.10651594277868,3.7222223,3.786607525342787,-1.2729656758128873
Estonia,2015,65.89954337899542,0.0,31.013698630136986,3.0,0.28,478.46788104366175,45.18753511270656,3.7222223,3.8108212769633636,-1.2729656758128873
Estonia,2016,64.43,0.0,27.38,3.24,0.29,546.9261812295275,49.68878012448794,3.7222223,3.905779155594384,-1.2378743560016174
Estonia,2017,33.33,33.33,33.33,3.14,0.28,579.8461192788131,51.93626156079017,3.7777777,3.9500172275331114,-1.2729656758128873
Estonia,2018,33.33333333333333,33.33333333333333,33.33333333333333,2.96,0.27,591.364297563422,54.44875364699991,3.3333333,3.997259959254732,-1.3093333199837622
Estonia,2019,55.89,33.33,10.78,3.42,0.21,734.4875039377556,44.55504492432726,3.1666667,3.7967253893534187,-1.5606477482646683
Estonia,2020,66.66666666666666,33.33333333333333,0.0,2.68,0.16,562.2095760732053,33.57597693005456,3.2777777,3.5138108389347513,-1.8325814637483102
Estonia,2021,54.25,45.75,0.0,2.6,0.15,615.2680978442174,36.59090021128052,,3.5997995813871393,-1.8971199848858813
Estonia,2022,65.15,19.69,15.16,2.54,0.16,684.9663414489487,43.99335725512292,,3.784038651046442,-1.8325814637483102
Estonia,2023,57.57,16.38,26.06,,,,,,,
Finland,2004,11.11,44.44,44.44,3.12,0.05,947.3674546285012,14.345358186379483,2.6388888,2.6634264185450536,-2.995732273553991
Finland,2005,11.11,44.44,44.44,2.97,0.06,932.1217148904633,20.01488344856823,2.75,2.9964761692233965,-2.8134107167600364
Finland,2006,11.11,44.44,44.44,2.91,0.07,954.5659279018843,22.216871606230445,2.9722223,3.1008519825005783,-2.659260036932778
Finland,2007,38.49,41.32,20.19,2.66,0.07,939.3577273896141,23.82429018741775,2.9722223,3.1707056563332943,-2.659260036932778
Finland,2008,50.0,40.0,10.0,2.59,0.05,946.2869248102768,19.384954903631368,3.1944444,2.9644972447663753,-2.995732273553991
Finland,2009,50.0,40.0,10.0,2.52,0.05,858.9831071026065,17.232107687187046,3.1666667,2.84677436965095,-2.995732273553991
Finland,2010,50.0,40.0,10.0,2.67,0.05,935.0495734756921,19.204407989630365,3.1111112,2.9551398354768876,-2.995732273553991
Finland,2011,45.83,21.63,32.54,3.01,0.07,1103.3221782419298,24.312061454952534,3.75,3.1909725833734117,-2.659260036932778
Finland,2012,42.11,5.26,52.63,2.97,0.06,1098.8237654025113,22.534291373189845,3.6388888,3.115038210038685,-2.8134107167600364
Finland,2013,42.11,5.26,52.63,2.93,0.06,1094.5083004656026,22.982284152225827,3.6388888,3.1347236648798766,-2.8134107167600364
Finland,2014,47.38029602612494,5.5871750286271675,47.03252894524788,2.89,0.05,1090.7235944917818,19.95784317602891,3.6944444,2.993622207731525,-2.995732273553991
Finland,2015,55.43916196615633,27.86462530217566,16.69621273166801,2.91,0.05,1116.51891375375,17.70224495490581,3.8611112,2.873691465147579,-2.995732273553991
Finland,2016,57.14,42.86,0.0,3.11,0.03,1220.8607969387676,13.284071870104341,3.8333333,2.5865657137757108,-3.506557897319982
Finland,2017,57.87,42.13,0.0,2.98,0.03,1215.0944026502964,11.255917072212517,3.8333333,2.4208939523553568,-3.506557897319982
Finland,2018,58.82352941176471,41.17647058823529,0.0,2.95,0.03,1241.5862497223745,11.78491621377838,3.9166667,2.466820426797983,-3.506557897319982
Finland,2019,32.07,31.76,36.16,2.82,0.02,1218.8482843578481,9.960870080190437,3.8055556,2.2986644252299064,-3.912023005428146
Finland,2020,10.526315789473683,26.31578947368421,63.1578947368421,2.74,0.02,1173.1530074004309,9.58487889505516,4.1111112,2.260186741577429,-3.912023005428146
Finland,2021,10.53,26.32,63.16,2.53,0.02,1134.9902012572782,8.6626696868102,,2.1590229529891243,-3.912023005428146
Finland,2022,10.53,26.32,63.16,2.45,0.02,1175.1035707382111,8.099197531508578,,2.091764986586492,-3.912023005428146
Finland,2023,55.28,15.13,29.59,,,,,,,
France,2004,86.94,4.25,0.0,2.08,0.13,561.7980394972296,33.96718113284791,2.8333333,3.525394797653362,-2.0402208285265546
France,2005,89.75,3.23,0.0,2.0,0.12,557.4631833878029,33.601951629207164,2.8611112,3.514584149484931,-2.120263536200091
France,2006,87.1,3.23,0.0,1.95,0.12,565.053075223166,34.51617672295056,3.0833333,3.541428104662811,-2.120263536200091
France,2007,79.54,5.11,0.0,1.87,0.12,565.5538717985206,37.6775566573134,3.25,3.629064603054533,-2.120263536200091
France,2008,75.0,6.25,0.0,1.83,0.12,566.2902417138945,38.368862900379085,3.4166667,3.6472462686979985,-2.120263536200091
France,2009,82.84,5.57,0.0,1.85,0.12,554.7207081533589,35.60696806110601,3.6944444,3.572541350758505,-2.120263536200091
France,2010,81.14,4.57,0.0,1.87,0.11,573.2918991697056,35.0935409722704,3.6111112,3.5580170956544177,-2.2072749131897207
France,2011,95.65,0.0,0.0,1.9,0.13,599.0741164444958,39.51587391834478,3.9444444,3.6767024625289135,-2.0402208285265546
France,2012,35.54,0.0,62.84,1.94,0.14,615.9829731364623,43.574505146459764,3.9166667,3.774472234978084,-1.9661128563728327
France,2013,0.0,0.0,100.0,2.0,0.14,642.5049803075648,44.51654636693768,3.9166667,3.7958609485316295,-1.9661128563728327
France,2014,0.0,0.0,100.0,2.01,0.14,651.8421451106327,45.08983259411895,4.2222223,3.8086567797208213,-1.9661128563728327
France,2015,0.0,0.0,100.0,2.14,0.13,707.7719463549707,43.0965360002135,4.0277777,3.7634426226550173,-2.0402208285265546
France,2016,0.0,0.0,100.0,2.23,0.13,746.4019299532295,43.35764478755683,3.9166667,3.769483038025988,-2.0402208285265546
France,2017,29.16,4.42,39.65,2.3,0.13,788.6515470720742,43.5906501716578,4.1666665,3.7748426817540635,-2.0402208285265546
France,2018,50.50228310502283,4.949771689497717,0.0,2.37,0.12,829.9787243128732,40.903328950259464,4.5555553,3.711211452163454,-2.120263536200091
France,2019,54.03,9.42,0.0,2.31,0.11,833.4859332961039,40.782367876815165,4.7222223,3.7082498281201404,-2.2072749131897207
France,2020,50.39108539590699,7.752827907119131,19.84662717546035,2.13,0.12,729.3371366239401,39.59994148025084,4.8888888,3.6788276404878997,-2.120263536200091
France,2021,47.06,5.88,29.41,2.16,0.12,797.4168405256675,45.546461805658375,,3.818732943535448,-2.120263536200091
France,2022,48.3,6.2,10.96,2.01,0.12,784.000414897433,48.101069249746,,3.873304406589088,-2.120263536200091
France,2023,64.09,8.87,0.0,,,,,,,
Germany,2004,0.0,0.0,100.0,2.65,0.0,737.4182979209188,0.0,2.7777777,-inf,-inf
Germany,2005,0.0,5.48,94.52,2.62,0.0,737.6916016217501,0.0,2.8888888,-inf,-inf
Germany,2006,0.0,50.0,50.0,2.58,0.0,759.1125769669295,0.0,2.9444444,-inf,-inf
Germany,2007,0.0,50.0,50.0,2.47,0.0,763.0335272351624,0.0,2.7777777,-inf,-inf
Germany,2008,0.0,50.0,50.0,2.48,0.0,781.1463187042636,0.0,3.0277777,-inf,-inf
Germany,2009,5.57,53.34,41.1,2.66,0.0,810.4899902270153,0.0,3.1388888,-inf,-inf
Germany,2010,31.25,68.75,0.0,2.44,0.0,780.7214088374313,0.0,3.0833333,-inf,-inf
Germany,2011,31.25,68.75,0.0,2.63,0.0,899.2216167769229,0.0,3.1666667,-inf,-inf
Germany,2012,31.25,68.75,0.0,2.59,0.0,902.9562557289591,0.0,3.0555556,-inf,-inf
Germany,2013,29.97,68.49,1.54,2.73,0.0,969.7986641677497,0.0,3.2222223,-inf,-inf
Germany,2014,0.0,62.5,37.5,2.74,0.0,1009.7984132374279,0.0,3.1111112,-inf,-inf
Germany,2015,0.0,62.5,37.5,2.62,0.0,989.5991400598074,0.0,3.0277777,-inf,-inf
Germany,2016,0.0,62.5,37.5,2.58,0.0,1001.3883770240416,0.0,3.0833333,-inf,-inf
Germany,2017,0.0,64.02,35.98,2.56,0.0,1031.4915607512598,0.0,3.0277777,-inf,-inf
Germany,2018,0.0,62.31032665964173,37.689673340358276,2.46,0.0,1019.9409252300401,0.0,3.25,-inf,-inf
Germany,2019,0.0,62.5,37.5,2.43,0.0,1031.6517540920013,0.0,3.3055556,-inf,-inf
Germany,2020,0.0,62.5,37.5,2.4,0.0,996.358010728387,0.0,3.4722223,-inf,-inf
Germany,2021,1.55,58.39,40.06,2.23,0.0,985.214711683885,0.0,,-inf,-inf
Germany,2022,23.53,0.0,76.47,1.85,0.0,872.2644106537884,0.0,,-inf,-inf
Germany,2023,23.53,0.0,76.47,,,,,,,
Greece,2004,77.6,0.0,22.4,2.18,0.0,375.71401408708476,0.0,1.4166666,-inf,-inf
Greece,2005,100.0,0.0,0.0,2.16,0.0,382.98714317257156,0.0,1.7777778,-inf,-inf
Greece,2006,100.0,0.0,0.0,2.07,0.0,402.255388706832,0.0,1.8888888,-inf,-inf
Greece,2007,100.0,0.0,0.0,2.11,0.0,437.79805589423984,0.0,1.9722222,-inf,-inf
Greece,2008,100.0,0.0,0.0,2.08,0.0,448.82391794574414,0.0,2.25,-inf,-inf
Greece,2009,79.73,0.0,20.27,2.11,0.0,445.1240148457502,0.0,2.4444444,-inf,-inf
Greece,2010,0.0,0.0,100.0,2.67,0.0,537.5251060101475,0.0,2.6111112,-inf,-inf
Greece,2011,2.1,0.0,95.8,2.96,0.0,541.8329333747205,0.0,2.75,-inf,-inf
Greece,2012,44.47,0.0,39.5,3.73,0.0,628.1569117495673,0.0,2.6388888,-inf,-inf
Greece,2013,76.27,0.0,23.73,4.06,0.0,660.2700121320055,0.0,2.5833333,-inf,-inf
Greece,2014,80.0,0.0,20.0,4.13,0.0,667.4370499906678,0.0,2.8888888,-inf,-inf
Greece,2015,10.91019786910198,0.0,67.19634703196347,4.22,0.0,683.9552742599657,0.0,3.0555556,-inf,-inf
Greece,2016,6.05,0.0,82.53,4.17,0.0,675.6699697874094,0.0,2.8888888,-inf,-inf
Greece,2017,8.7,0.0,78.26,4.37,0.0,721.4534250627099,0.0,2.8611112,-inf,-inf
Greece,2018,8.570577724836212,0.0,82.88862418106015,4.1,0.01,689.6563290270032,1.6770891546184892,2.8611112,0.5170596445874657,-4.605170185988091
Greece,2019,42.53,0.0,48.23,4.16,0.0,717.8045180272836,0.839428360478892,2.8333333,-0.17503414204523815,-inf
Greece,2020,85.68501170960185,0.0,0.0,4.07,0.0,637.2797036322232,0.37388072961702745,2.8888888,-0.9838184371958502,-inf
Greece,2021,86.59,0.0,0.0,4.17,0.01,728.626092761737,1.229988210089934,,0.2070045840456503,-4.605170185988091
Greece,2022,86.96,0.0,0.0,5.6,0.04,1114.7965455583383,6.994426113086265,,1.945113562305212,-3.2188758248682006
Greece,2023,81.75,0.0,0.0,,,,,,,
Hungary,2004,23.19,0.0,76.81,2.8,0.17,232.09024585179634,14.413564422637211,2.2222223,2.6681697369973034,-1.7719568419318752
Hungary,2005,22.22,0.0,77.78,2.72,0.13,245.59373811906636,11.428497784043227,2.8333333,2.4361100417015886,-2.0402208285265546
Hungary,2006,22.7,0.0,77.3,2.84,0.14,259.5664740745301,12.722201646846457,2.9722223,2.5433486283783227,-1.9661128563728327
Hungary,2007,21.53,0.0,78.47,2.76,0.14,281.2939423893522,14.102337163303096,2.7777777,2.6463405399107023,-1.9661128563728327
Hungary,2008,6.96,0.0,93.04,2.69,0.16,289.6369344746283,16.869578453800628,3.0555556,2.8255119083263276,-1.8325814637483102
Hungary,2009,0.0,0.0,100.0,2.62,0.17,247.04544207370307,15.66252438227415,3.6388888,2.75127087695037,-1.7719568419318752
Hungary,2010,41.62,0.0,40.55,2.64,0.1,263.1903946620923,10.05497687355319,3.5277777,2.30806772322726,-2.3025850929940455
Hungary,2011,69.84,0.0,0.0,2.55,0.09,260.7421964119154,9.569054588036757,3.6666667,2.2585344114560297,-2.4079456086518722
Hungary,2012,74.69,0.0,0.0,2.53,0.23,255.35560093472395,22.818723752217913,3.5555556,3.1275814161485838,-1.4696759700589417
Hungary,2013,80.3,0.0,0.0,2.44,0.21,251.65464109162343,21.48167780273124,2.8888888,3.067200376587036,-1.5606477482646683
Hungary,2014,69.15,0.0,0.0,2.41,0.21,259.2457604889612,22.43153274302415,2.8888888,3.1104676807058538,-1.5606477482646683
Hungary,2015,72.72727272727273,0.0,0.0,2.47,0.25,283.22280501487955,28.495296366118232,2.9722223,3.349739033868716,-1.3862943611198906
Hungary,2016,72.73,0.0,0.0,2.53,0.25,300.1388930920582,29.563819037310182,2.6944444,3.386551283855002,-1.3862943611198906
Hungary,2017,75.53,0.0,0.0,2.44,0.26,316.7941122803246,34.26861106791748,3.1111112,3.534229805970283,-1.3470736479666092
Hungary,2018,76.92307692307693,0.0,0.0,2.27,0.24,317.22670937451795,33.85277821310361,2.6944444,3.5220210702327295,-1.4271163556401458
Hungary,2019,80.82,0.0,0.0,2.24,0.23,338.5397877279634,35.05731828043419,2.75,3.556984387133344,-1.4696759700589417
Hungary,2020,84.89461358313818,0.0,0.0,2.15,0.21,305.92455561448344,29.909286514493267,2.8055556,3.3981690179438706,-1.5606477482646683
Hungary,2021,85.71,0.0,0.0,2.0,0.2,318.83468104842785,32.516327938181796,,3.481742361273922,-1.6094379124341003
Hungary,2022,71.5,0.0,0.0,1.84,0.18,323.3656253794309,31.23685438675821,,3.4415986280565933,-1.7147984280919266
Hungary,2023,58.44,0.0,0.0,,,,,,,
Iceland,2004,52.46,47.54,0.0,2.94,0.29,1121.4623691256324,109.80094085745394,0.0,4.698669097867989,-1.2378743560016174
Iceland,2005,58.33,41.67,0.0,3.18,0.29,1451.8390208065136,131.8015461659264,0.0,4.881297353152301,-1.2378743560016174
Iceland,2006,53.77,46.23,0.0,2.88,0.3,1326.0496013588693,139.80420169726975,0.0,4.94024288440722,-1.2039728043259361
Iceland,2007,50.0,19.59,30.41,2.77,0.3,1407.1175930621441,154.79866224170803,0.0,5.042125319268854,-1.2039728043259361
Iceland,2008,50.0,0.0,50.0,2.12,0.3,739.6964217079272,104.8472972206645,0.72222221,4.6525049794349895,-1.2039728043259361
Iceland,2009,4.25,0.0,79.61,1.94,0.31,574.3817092047385,90.9578993968584,0.6111111,4.510396755473533,-1.171182981502945
Iceland,2010,0.0,0.0,88.86,2.21,0.31,723.0828729629199,100.773170754714,0.66666669,4.612872157061893,-1.171182981502945
Iceland,2011,0.0,0.0,100.0,2.22,0.33,759.5277950184004,112.44020638592664,0.8888889,4.722421581557161,-1.1086626245216111
Iceland,2012,0.0,0.0,100.0,2.3,0.32,823.0958230958232,114.80562241983561,0.72222221,4.7432404584687315,-1.1394342831883648
Iceland,2013,33.94,27.15,38.9,2.15,0.31,805.8956523887771,115.30003335763087,0.72222221,4.747537716586601,-1.171182981502945
Iceland,2014,55.54,44.46,0.0,2.14,0.32,881.0395068817849,132.38195891088807,0.72222221,4.8856913722160416,-1.1394342831883648
Iceland,2015,50.0,50.0,0.0,2.13,0.32,1018.424194791651,151.02096337832324,0.72222221,5.017418657498909,-1.1394342831883648
Iceland,2016,50.0,50.0,0.0,2.06,0.33,1154.0995531229225,184.653543565298,0.72222221,5.218481331828205,-1.1086626245216111
Iceland,2017,93.85,3.76,2.39,2.2,0.34,1404.5428072218986,219.889341875364,0.77777779,5.393124428334096,-1.0788096613719298
Iceland,2018,45.45454545454545,27.27272727272727,27.27272727272727,2.12,0.35,1333.7453681521656,220.03226346035535,1.0,5.393774187692519,-1.0498221244986778
Iceland,2019,45.45454545454545,27.27272727272727,27.27272727272727,2.01,0.34,1228.0239514315113,209.28381447902308,1.0,5.343691294780019,-1.0788096613719298
Iceland,2020,45.45454545454545,27.27272727272727,27.27272727272727,2.01,0.38,1041.0327918507462,195.38125267762365,1.0,5.274952791697864,-0.9675840262617056
Iceland,2021,45.1,27.84,27.06,1.68,0.41,987.5174487275851,238.21539783098893,,5.473175297279443,-0.8915981192837836
Iceland,2022,41.67,33.33,25.0,1.79,0.36,1280.251725771787,257.2492886181522,,5.550045609377594,-1.0216512475319814
Iceland,2023,41.67,33.33,25.0,,,,,,,
Ireland,2004,100.0,0.0,0.0,2.45,0.03,942.2980633679109,10.596369472038901,2.0277777,2.360511439812757,-3.506557897319982
Ireland,2005,100.0,0.0,0.0,2.48,0.03,1014.3046226436412,11.139653367834047,2.0833333,2.4105111180216725,-3.506557897319982
Ireland,2006,100.0,0.0,0.0,2.42,0.03,1045.9821728377844,12.109254254794154,2.4444444,2.4939699747269635,-3.506557897319982
Ireland,2007,92.66,0.0,7.34,2.45,0.03,1096.3158868655237,12.821264749569329,2.3611112,2.5511051010390817,-3.506557897319982
Ireland,2008,86.67,0.0,13.33,2.3,0.03,960.9305533034089,13.76977260942314,2.6388888,2.622475799127318,-3.506557897319982
Ireland,2009,86.28,0.0,13.33,2.27,0.03,848.3201499324753,12.539205688614503,2.6666667,2.5288601909828223,-3.506557897319982
Ireland,2010,80.0,0.0,13.33,2.45,0.04,899.89704297332,13.449104251938804,2.6666667,2.5989125054612163,-3.2188758248682006
Ireland,2011,17.13,54.43,28.09,2.43,0.04,918.863060153482,13.827257316678034,2.5833333,2.6266418119590784,-3.2188758248682006
Ireland,2012,0.0,66.67,33.33,2.36,0.04,907.3616821533838,14.555825558812167,2.5833333,2.677991295534943,-3.2188758248682006
Ireland,2013,0.0,66.67,33.33,2.43,0.03,961.2990655337496,12.840043807971597,2.8055556,2.552568710091789,-3.506557897319982
Ireland,2014,0.0,66.67,33.33,2.33,0.02,1005.6186047310498,10.21310764447994,2.8611112,2.3236719584875374,-3.912023005428146
Ireland,2015,0.0,66.66666666666666,33.33333333333333,1.83,0.02,1058.5486000829017,10.042626931722259,2.8611112,2.306838726625967,-3.912023005428146
Ireland,2016,0.0,75.41,11.48,1.85,0.02,1076.1576208616218,12.255708588353922,2.5,2.5059918356556614,-3.912023005428146
Ireland,2017,0.0,80.0,0.0,1.7,0.01,1088.4018514835916,9.477079861246898,2.4444444,2.2488762373014386,-4.605170185988091
Ireland,2018,0.0,81.49771689497717,0.0,1.53,0.01,1051.7706267684284,5.374625358205631,2.5,1.6816888707855606,-4.605170185988091
Ireland,2019,0.0,86.67,0.0,1.39,0.01,1022.4204250213808,3.7857139961980733,2.5555556,1.3312345074608796,-4.605170185988091
Ireland,2020,20.546448087431695,62.695810564663034,10.273224043715848,1.18,0.0,903.7241278602121,2.2245035586039346,3.0,0.7995337709947251,-inf
Ireland,2021,40.0,40.0,20.0,1.11,0.0,989.8922427324045,2.6543939359019495,,0.9762163559057544,-inf
Ireland,2022,40.0,40.0,20.0,0.85,0.0,857.2158661943203,3.6180962889831,,1.2859480004893586,-inf
Ireland,2023,40.0,40.0,20.0,,,,,,,
Italy,2004,76.0,8.0,0.0,2.82,0.03,712.000817816288,7.575583302145448,1.9722222,2.0249303520143664,-3.506557897319982
Italy,2005,78.39,7.2,0.0,2.88,0.03,744.1846472188712,7.8317067648903,2.2222223,2.0581804638850922,-3.506557897319982
Italy,2006,29.15,5.03,53.44,2.86,0.03,768.471658948556,7.980190003852334,3.1388888,2.076962221184822,-3.506557897319982
Italy,2007,0.0,3.7,85.19,2.73,0.03,757.0718591964758,8.41913463958831,2.9722223,2.1305070485768978,-3.506557897319982
Italy,2008,62.07,4.25,29.79,2.6,0.03,726.6934482556918,8.261550348599176,3.0833333,2.111612263455668,-3.506557897319982
Italy,2009,98.42,1.58,0.0,2.99,0.03,800.9934450865986,8.105542625889527,3.2777777,2.0925481024703125,-3.506557897319982
Italy,2010,100.0,0.0,0.0,2.92,0.03,797.2682075536457,7.810731699054971,3.4722223,2.055498646922222,-3.506557897319982
Italy,2011,87.95,0.0,0.0,3.17,0.03,883.6558924620537,7.898355540483375,3.5,2.06665457837231,-3.506557897319982
Italy,2012,0.0,0.0,0.0,3.54,0.03,970.6294035626672,8.884825569459794,3.5833333,2.18434482938912,-3.506557897319982
Italy,2013,21.84,5.95,30.88,3.58,0.03,964.7549584496769,8.118345488494295,3.6666667,2.0941263758375976,-3.506557897319982
Italy,2014,7.03,23.82,62.12,3.8,0.03,1023.6367877551812,8.85026503089203,4.0,2.1804474055648857,-3.506557897319982
Italy,2015,0.580177276390008,24.544721998388397,68.99274778404512,3.58,0.03,980.2804129227676,8.39774596594513,4.0555553,2.127963332452865,-3.506557897319982
Italy,2016,0.0,20.12,73.5,3.63,0.03,1020.0321972712778,7.818234557527015,4.0555553,2.0564587691625844,-3.506557897319982
Italy,2017,0.0,18.8,70.67,3.44,0.03,990.7542215418416,8.60634825722026,4.0555553,2.152500100390615,-3.506557897319982
Italy,2018,15.428983417447728,31.218457101658252,30.483056957462146,3.38,0.03,995.6512355813535,8.225513457403425,3.7777777,2.1072407211350144,-3.506557897319982
Italy,2019,23.9,63.92,12.18,3.45,0.03,1041.8877866210598,8.253935800552497,3.75,2.110690153320071,-3.506557897319982
Italy,2020,0.0,41.67,41.67,3.25,0.03,914.2336886693856,9.118615028409618,3.7222223,2.2103179316342048,-3.506557897319982
Italy,2021,0.0,5.33,4.59,3.04,0.03,947.387010671658,9.571615580310564,,2.258802008386186,-3.506557897319982
Italy,2022,15.56,0.0,0.0,2.27,0.03,769.3133185572082,10.167136368597465,,2.319160594067975,-3.506557897319982
Italy,2023,80.0,0.0,0.0,,,,,,,
Latvia,2004,37.16,54.71,0.0,2.56,0.12,127.01480521156172,5.761951852352635,,1.7512762805622797,-2.120263536200091
Latvia,2005,66.67,33.33,0.0,2.62,0.12,154.74814844923552,6.8697547211696985,,1.9271284027103879,-2.120263536200091
Latvia,2006,54.43,45.57,0.0,2.34,0.1,173.66456345845145,7.3658117246232235,,1.9968492576396286,-2.3025850929940455
Latvia,2007,50.09,49.91,0.0,2.15,0.07,210.95974458318656,7.03077954393101,,1.9502975878585764,-2.659260036932778
Latvia,2008,52.63,47.37,0.0,2.17,0.06,232.7951492705259,6.411545926601578,,1.8581004160515713,-2.8134107167600364
Latvia,2009,69.36,30.64,0.0,2.71,0.06,232.87445445584729,5.280928098599737,,1.6641018585212852,-2.8134107167600364
Latvia,2010,58.4,33.42,0.0,3.02,0.08,252.98025558328627,6.335948282643363,,1.8462394920172212,-2.5257286443082556
Latvia,2011,65.13,34.87,0.0,3.19,0.08,294.2891447286971,7.58845060151701,,2.026627433746253,-2.5257286443082556
Latvia,2012,100.0,0.0,0.0,3.11,0.09,324.8605553013072,9.049711475928799,,2.2027328760907814,-2.4079456086518722
Latvia,2013,100.0,0.0,0.0,3.29,0.09,359.5364711248421,10.10112553269401,,2.312646856518958,-2.4079456086518722
Latvia,2014,77.04049375282253,22.95950624717748,0.0,3.5,0.09,400.0738295360275,10.597949023514106,,2.3606604940490103,-2.4079456086518722
Latvia,2015,63.84916453409605,36.15083546590396,0.0,3.64,0.1,436.7677407185844,11.666085975058747,,2.456685998016166,-2.3025850929940455
Latvia,2016,57.64,42.36,0.0,3.75,0.08,468.6004908302318,9.696168023364702,,2.27173075831921,-2.5257286443082556
Latvia,2017,57.26,42.74,0.0,3.64,0.1,487.9243021488502,13.849930595886828,,2.628280221493487,-2.3025850929940455
Latvia,2018,60.800842992623814,39.199157007376186,0.0,3.52,0.11,514.4631465555264,16.29328747689622,,2.7907532117618232,-2.2072749131897207
Latvia,2019,77.01,22.99,0.0,3.2,0.11,495.12964110559915,16.6002898911184,,2.809420158530401,-2.2072749131897207
Latvia,2020,78.57142857142857,21.428571428571427,0.0,3.31,0.12,508.9481485691013,18.695581938794465,,2.928287235989245,-2.120263536200091
Latvia,2021,74.34,25.66,0.0,2.99,0.14,512.9982117177592,23.91628504263753,,3.1745596094389166,-1.9661128563728327
Latvia,2022,71.52,28.48,0.0,2.4,0.15,461.85902500980376,29.679953474092294,,3.3904718507134595,-1.8971199848858813
Latvia,2023,67.41,26.67,5.92,,,,,,,
Liechtenstein,2004,,,,,,,,,,
Liechtenstein,2005,,,,,,,,,,
Liechtenstein,2006,,,,,,,,,,
Liechtenstein,2007,,,,,,,,,,
Liechtenstein,2008,,,,,,,,,,
Liechtenstein,2009,,,,,,,,,,
Liechtenstein,2010,,,,,,,,,,
Liechtenstein,2011,,,,,,,,,,
Liechtenstein,2012,,,,,,,,,,
Liechtenstein,2013,,,,0.58,,,,,,
Liechtenstein,2014,,,,0.65,,,,,,
Liechtenstein,2015,,,,0.65,,,,,,
Liechtenstein,2016,,,,0.64,,,,,,
Liechtenstein,2017,,,,0.63,,,,,,
Liechtenstein,2018,,,,0.58,,,,,,
Liechtenstein,2019,,,,0.65,,,,,,
Liechtenstein,2020,,,,0.64,,,,,,
Liechtenstein,2021,,,,0.56,,,,,,
Liechtenstein,2022,,,,,,,,,,
Lithuania,2004,0.0,34.66,42.54,2.69,0.09,145.6822842252541,4.8296232686570475,,1.5747684664148123,-2.4079456086518722
Lithuania,2005,0.0,14.29,85.71,2.29,0.08,144.9257914455499,5.173771297036473,,1.6436018804359904,-2.5257286443082556
Lithuania,2006,6.54,6.22,87.24,1.81,0.07,132.54803115316054,5.146932223496128,,1.6384008524269567,-2.659260036932778
Lithuania,2007,14.29,0.0,85.71,1.75,0.06,157.07639106809842,5.675744763552929,,1.7362017906251508,-2.8134107167600364
Lithuania,2008,14.52,10.79,74.69,1.63,0.06,166.81721864368146,6.506721997254107,,1.872835795957029,-2.8134107167600364
Lithuania,2009,96.75,0.0,0.0,2.01,0.07,171.60746602186083,5.725729042440583,,1.7449698849905317,-2.659260036932778
Lithuania,2010,93.33,0.0,0.0,1.85,0.03,165.37725657528117,2.379505643980755,,0.8668927534950026,-3.506557897319982
Lithuania,2011,93.33,0.0,0.0,1.7,0.05,174.26022459516892,5.386189097838093,,1.6838381029149623,-2.995732273553991
Lithuania,2012,88.96,0.36,4.37,1.67,0.07,185.48597902183332,7.65787762323309,,2.0357348726757967,-2.659260036932778
Lithuania,2013,13.33,6.67,80.0,1.73,0.1,204.05458450837799,11.921469769133942,,2.478340956815734,-2.3025850929940455
Lithuania,2014,13.33,4.88,81.79,1.81,0.11,224.1840806420206,13.695420798283434,,2.617061528660186,-2.2072749131897207
Lithuania,2015,13.333333333333334,0.0,86.66666666666667,1.89,0.14,244.02477185179575,18.66150758543294,,2.926462984515421,-1.9661128563728327
Lithuania,2016,12.64,0.0,87.36,2.0,0.17,270.6616029183145,22.808483696048192,,3.127132558683298,-1.7719568419318752
Lithuania,2017,0.0,0.0,100.0,1.96,0.15,292.8507712656223,21.89574823672581,,3.0862924735322395,-1.8971199848858813
Lithuania,2018,0.0,0.0,100.0,2.03,0.18,332.4525092065337,29.819281731531518,,3.395155222243399,-1.7147984280919266
Lithuania,2019,0.0,5.37,94.63,2.03,0.26,358.50783265101177,45.34494908445792,,3.814298794050911,-1.3470736479666092
Lithuania,2020,5.737704918032787,12.568306010928962,81.69398907103826,2.09,0.26,376.6451929149143,47.65491245614757,,3.8639857193539613,-1.3470736479666092
Lithuania,2021,100.0,0.0,0.0,1.99,0.25,402.5579478149226,49.87434122418318,,3.9095066665851137,-1.3862943611198906
Lithuania,2022,100.0,0.0,0.0,1.65,0.25,392.0838779237043,59.55914578094171,,4.086969865552812,-1.3862943611198906
Lithuania,2023,100.0,0.0,0.0,,,,,,,
Luxembourg,2004,28.96,54.21,16.83,2.97,0.0,1828.9219485041313,0.0,2.4722223,-inf,-inf
Luxembourg,2005,0.0,60.0,40.0,2.94,0.0,1916.5315871166356,0.0,2.4166667,-inf,-inf
Luxembourg,2006,0.0,60.0,40.0,2.61,0.0,1884.9349500779667,0.0,2.6388888,-inf,-inf
Luxembourg,2007,0.0,60.0,40.0,2.53,0.0,1984.841445604415,0.0,2.5555556,-inf,-inf
Luxembourg,2008,0.0,60.0,40.0,2.46,0.0,2016.2079197789828,0.0,2.8888888,-inf,-inf
Luxembourg,2009,0.0,60.0,40.0,2.38,0.0,1869.2281576510247,0.0,2.9166667,-inf,-inf
Luxembourg,2010,0.0,60.0,40.0,2.26,0.01,1888.6957962572467,9.586687523300977,2.9444444,2.260375419770093,-4.605170185988091
Luxembourg,2011,0.0,60.0,40.0,2.3,0.01,1963.260132691035,7.157367554939066,3.75,1.9681422534443622,-4.605170185988091
Luxembourg,2012,0.0,60.0,40.0,2.23,0.02,1956.1499662865901,16.367012841230558,3.8055556,2.7952678971040315,-3.912023005428146
Luxembourg,2013,2.98,55.4,41.62,2.05,0.01,1854.9948468786808,11.392078916372203,3.8055556,2.432918281995714,-4.605170185988091
Luxembourg,2014,38.89,0.0,61.11,1.89,0.01,1760.6804728941488,10.74922841031854,3.8888888,2.374833976213345,-4.605170185988091
Luxembourg,2015,38.88888888888889,0.0,61.111111111111114,1.76,0.03,1675.620255475734,25.860071207365117,3.8888888,3.252700126911657,-3.506557897319982
Luxembourg,2016,38.89,0.0,61.11,1.66,0.02,1603.2775843880045,23.762314995859207,3.9444444,3.1681009222338647,-3.912023005428146
Luxembourg,2017,38.89,0.0,61.11,1.64,0.02,1597.4048187598937,16.98706769338091,3.8888888,2.8324523306401783,-3.912023005428146
Luxembourg,2018,38.6229743038768,0.0,61.3770256961232,1.69,0.02,1671.7164240480304,15.198618307426598,3.9444444,2.7212045228933026,-3.912023005428146
Luxembourg,2019,35.29,0.0,64.71,1.74,0.02,1753.8681389223566,17.12900463063769,4.1666665,2.8407732038548676,-3.912023005428146
Luxembourg,2020,35.294117647058826,0.0,64.70588235294117,1.38,0.01,1412.3939792423769,9.342992517674753,4.2222223,2.234626598962243,-4.605170185988091
Luxembourg,2021,35.29,0.0,64.71,1.46,0.01,1651.3504899510049,13.201804819518049,,2.5803535489971687,-4.605170185988091
Luxembourg,2022,35.29,0.0,64.71,1.23,0.01,1454.9772394247157,15.066536212511656,,2.7124761396709753,-4.605170185988091
Luxembourg,2023,36.67,6.43,56.91,,,,,,,
Malta,2004,0.0,100.0,0.0,2.81,0.02,343.6356749105336,2.168127037291785,,0.7738636783974909,-3.912023005428146
Malta,2005,0.0,100.0,0.0,3.07,0.2,390.7298543460927,25.629342749743707,,3.2437378962603485,-1.6094379124341003
Malta,2006,0.0,100.0,0.0,3.19,0.22,423.48041489435195,29.2863698718012,,3.3771222156989174,-1.5141277326297755
Malta,2007,0.0,100.0,0.0,3.52,0.25,499.74921568434615,35.3064977724452,,3.56406701987372,-1.3862943611198906
Malta,2008,0.0,100.0,0.0,3.2,0.27,488.2517178458104,41.67287525740206,,3.729850443711523,-1.3093333199837622
Malta,2009,0.0,100.0,0.0,3.08,0.21,470.18379206598183,31.274471061416758,,3.442802143705297,-1.5606477482646683
Malta,2010,0.0,100.0,0.0,2.78,0.15,459.8704970712266,25.210611134163877,,3.2272649826419753,-1.8971199848858813
Malta,2011,0.0,100.0,0.0,3.0,0.16,507.53360815628395,26.28114580030173,,3.2688517923730376,-1.8325814637483102
Malta,2012,0.0,100.0,0.0,2.75,0.13,489.01501804641595,23.498433437770814,,3.15693375670557,-2.0402208285265546
Malta,2013,0.0,19.45,80.55,2.52,0.15,480.88232187000403,28.35900433601664,,3.3449445930087194,-1.8971199848858813
Malta,2014,0.0,0.0,100.0,2.69,0.18,553.7810833076368,38.03865076698623,,3.6386027682517907,-1.7147984280919266
Malta,2015,0.0,0.0,100.0,2.61,0.22,598.4231091577857,49.63453790896815,,3.904686920216303,-1.5141277326297755
Malta,2016,0.0,0.0,100.0,2.57,0.18,612.5317334129779,42.29657674434947,,3.7447061547478193,-1.7147984280919266
Malta,2017,0.0,0.0,100.0,2.42,0.2,648.5697619012006,54.18814997467943,,3.992462249387935,-1.6094379124341003
Malta,2018,0.0,0.0,100.0,2.33,0.21,657.6769906939314,60.41722551224645,,4.101274254881767,-1.5606477482646683
Malta,2019,0.0,0.0,100.0,2.38,0.22,690.0341624641413,64.79361665826822,,4.171207090145904,-1.5141277326297755
Malta,2020,0.0,0.0,100.0,2.05,0.22,572.465905474529,60.21360986703717,,4.097898404288637,-1.5141277326297755
Malta,2021,0.0,0.0,100.0,1.66,0.18,533.3863029760711,57.99018775938411,,4.0602738196721075,-1.7147984280919266
Malta,2022,0.0,0.0,100.0,1.57,0.17,540.6285100402438,60.01757254318349,,4.0946373950621044,-1.7719568419318752
Malta,2023,0.0,0.0,100.0,,,,,,,
Netherlands,2004,37.5,62.5,0.0,3.64,0.46,1187.462377422025,149.55368206385802,1.8055556,5.007655405728118,-0.7765287894989963
Netherlands,2005,37.5,62.5,0.0,3.75,0.46,1269.8632121289215,157.04783886732417,2.75,5.056550465096114,-0.7765287894989963
Netherlands,2006,40.55,59.45,0.0,3.8,0.48,1365.9526513386893,171.111141427549,2.7777777,5.142313295245428,-0.7339691750802004
Netherlands,2007,6.23,61.61,32.16,3.57,0.46,1357.3686143363911,173.4863105749246,2.7777777,5.156098694688571,-0.7765287894989963
Netherlands,2008,0.0,62.5,37.5,3.75,0.47,1486.9029046261817,185.27759990168795,3.2222223,5.221855240402239,-0.7550225842780328
Netherlands,2009,0.0,62.5,37.5,3.8,0.48,1446.7899967018318,181.1814701506099,3.5555556,5.199499126517802,-0.7339691750802004
Netherlands,2010,10.82,84.04,5.14,3.83,0.49,1481.8787926425339,188.31933807889237,3.75,5.238139128631598,-0.7133498878774648
Netherlands,2011,50.0,50.0,0.0,3.74,0.48,1468.4533238156137,189.35997048835944,3.1666667,5.243649809356326,-0.7339691750802004
Netherlands,2012,50.6,42.21,7.19,3.57,0.46,1403.703571515113,180.8419499847269,3.1388888,5.19762344529642,-0.7765287894989963
Netherlands,2013,53.85,0.0,46.15,3.62,0.45,1433.728911515724,178.04826726663538,3.0555556,5.182054677952959,-0.7985076962177716
Netherlands,2014,53.85,0.0,46.15,3.66,0.47,1471.6269331150036,190.15703994922504,3.1111112,5.2478502568244805,-0.7550225842780328
Netherlands,2015,53.84615384615385,0.0,46.15384615384615,3.66,0.47,1508.5664793163464,194.5109195596698,3.1944444,5.270488303177576,-0.7550225842780328
Netherlands,2016,53.85,0.0,46.15,3.68,0.48,1555.1680374184527,203.69559833130498,3.3333333,5.316626714414633,-0.7339691750802004
Netherlands,2017,47.97,11.47,40.56,3.64,0.47,1594.450297280486,204.59631308687912,3.1111112,5.321038833251932,-0.7550225842780328
Netherlands,2018,37.5,62.5,0.0,3.63,0.45,1657.6499115811719,206.422795669172,3.5,5.329926471642489,-0.7985076962177716
Netherlands,2019,37.13,62.87,0.0,3.61,0.46,1726.7349419776701,218.39305376331936,3.4722223,5.38629643825195,-0.7765287894989963
Netherlands,2020,34.986740597878494,63.126808100289296,0.0,3.57,0.47,1669.523836825961,221.48324398704239,3.4722223,5.4003469387097125,-0.7550225842780328
Netherlands,2021,34.6,65.4,0.0,3.43,0.45,1745.3900189835833,228.02657656023678,,5.429462186022089,-0.7985076962177716
Netherlands,2022,39.98,60.02,0.0,2.9,0.41,1629.8530782077514,230.26971046013153,,5.439251276075814,-0.8915981192837836
Netherlands,2023,39.77,60.23,0.0,,,,,,,
Norway,2004,68.42,31.58,0.0,3.08,0.09,1435.2023449936955,43.60930418932427,2.25,3.775270526426408,-2.4079456086518722
Norway,2005,54.17,29.39,16.44,2.91,0.08,1567.7230786467908,45.04583423366602,2.4722223,3.807680509937816,-2.5257286443082556
Norway,2006,0.0,21.05,78.95,2.86,0.1,1698.3412495652456,60.71220983560972,2.4722223,4.106144828341681,-2.3025850929940455
Norway,2007,0.0,21.05,78.95,2.84,0.16,1776.2748417815262,99.97126871859972,2.8055556,4.604882831891855,-1.8325814637483102
Norway,2008,0.0,21.05,78.95,2.59,0.12,1730.4494850480642,81.35124864414585,2.9722223,4.398776182584078,-2.120263536200091
Norway,2009,0.0,20.84,79.16,2.62,0.1,1517.7667981161076,55.78490061353657,3.6666667,4.021503234445215,-2.3025850929940455
Norway,2010,0.0,20.0,80.0,2.64,0.08,1757.1972154431803,55.5258759417596,3.6666667,4.016849145284326,-2.5257286443082556
Norway,2011,0.0,20.0,80.0,2.47,0.07,1800.7897295586108,53.13251046619806,3.7222223,3.9727889907336675,-2.659260036932778
Norway,2012,0.0,20.0,80.0,2.32,0.06,1845.6401849689146,51.66010337998471,3.6666667,3.9446857888268365,-2.8134107167600364
Norway,2013,21.1,15.78,63.12,2.32,0.07,1807.7128952286419,51.14159062591849,3.6666667,3.9345980727410637,-2.659260036932778
Norway,2014,100.0,0.0,0.0,2.31,0.07,1699.8959751087746,52.12145373228229,3.7222223,3.953576643891504,-2.659260036932778
Norway,2015,100.0,0.0,0.0,2.34,0.08,1574.4476311271985,51.53406299609895,3.7222223,3.9422430064295844,-2.5257286443082556
Norway,2016,100.0,0.0,0.0,2.4,0.08,1536.7505591249167,52.47664589621319,3.7222223,3.9603682305547516,-2.5257286443082556
Norway,2017,100.0,0.0,0.0,2.28,0.08,1539.42756522306,52.88643023796999,3.7222223,3.9681467887174358,-2.5257286443082556
Norway,2018,100.0,0.0,0.0,2.18,0.08,1526.722184612859,54.13677475321522,3.8333333,3.9915137100661635,-2.5257286443082556
Norway,2019,91.64,8.54,0.0,2.09,0.08,1426.635820891057,54.21197420443479,3.8888888,3.9929018103260683,-2.5257286443082556
Norway,2020,80.39990064580229,19.600099354197717,0.0,2.0,0.09,1199.3828394034733,54.74697809730503,3.9444444,4.002722172603563,-2.4079456086518722
Norway,2021,63.18,24.45,12.37,1.74,0.09,1367.2175462990356,72.59000946689545,,4.284827301712713,-2.4079456086518722
Norway,2022,0.0,42.12,57.88,1.31,0.08,1356.6369263533725,80.98950235169532,,4.3943195456772015,-2.5257286443082556
Norway,2023,0.0,41.67,58.33,,,,,,,
Poland,2004,0.0,0.0,56.29,2.72,0.19,147.56134412502237,10.182749448159408,1.3333334,2.3206950579726917,-1.6607312068216509
Poland,2005,8.71,0.0,40.42,2.68,0.14,173.0824833825467,9.098544507996698,2.0833333,2.2081144565541835,-1.9661128563728327
Poland,2006,63.61,0.0,9.13,2.65,0.2,191.65566786231827,14.327526141174072,2.3611112,2.662182591987481,-1.6094379124341003
Poland,2007,62.3,0.0,9.31,2.74,0.2,225.98251442266326,16.79172603970141,2.25,2.8208862674555975,-1.6094379124341003
Poland,2008,52.63,0.0,15.79,2.78,0.22,267.9508623028331,21.568095208281623,2.5833333,3.0712151490507185,-1.5141277326297755
Poland,2009,60.36,0.0,15.79,2.66,0.23,221.44705164813124,18.757796363104323,2.7777777,2.9316094720252783,-1.4696759700589417
Poland,2010,52.63,0.0,15.79,2.72,0.22,258.4202937355232,20.971382911570586,2.9444444,3.0431587898815473,-1.5141277326297755
Poland,2011,53.35,0.0,15.75,2.64,0.21,262.77784177942743,21.218626730688165,3.0,3.0548794152899905,-1.5606477482646683
Poland,2012,60.0,0.0,15.0,2.59,0.18,264.1777231130865,18.068387588588273,2.7222223,2.894163869222019,-1.7147984280919266
Poland,2013,59.0,0.0,15.08,2.44,0.09,249.82205664765766,8.930816234490484,2.8888888,2.189507794349702,-2.4079456086518722
Poland,2014,56.5,0.0,15.79,2.58,0.15,277.8641911504434,16.44728923844176,2.9444444,2.800160675695686,-1.8971199848858813
Poland,2015,55.63806777217015,0.0,13.799567411679885,2.64,0.17,300.1531179096357,19.089194315061924,2.9444444,2.949122432292903,-1.7719568419318752
Poland,2016,75.55,0.0,0.0,2.7,0.14,304.3622207133737,15.669703364124501,2.8333333,2.7517291260116297,-1.9661128563728327
Poland,2017,77.27,0.0,0.0,2.67,0.12,329.4840639954479,14.722384771427262,2.8888888,2.6893691091071834,-2.120263536200091
Poland,2018,69.73414911473279,0.0,0.0,2.67,0.11,354.82419239099664,14.181528515658432,3.0555556,2.6519403090646385,-2.2072749131897207
Poland,2019,70.18,0.0,0.0,2.52,0.11,356.78389378771107,15.083440942066444,3.4166667,2.7135975157330248,-2.2072749131897207
Poland,2020,70.51,0.0,0.0,2.51,0.12,351.7344884716168,17.495679973149738,3.4722223,2.8619539917776917,-2.120263536200091
Poland,2021,71.67,0.0,0.0,2.87,0.09,452.52500036572286,14.126770588551985,,2.6480716205785844,-2.4079456086518722
Poland,2022,80.81,0.0,0.0,2.77,0.09,497.6518089893014,15.780890799076383,,2.758799764969947,-2.4079456086518722
Poland,2023,77.7,0.3,0.0,,,,,,,
Portugal,2004,94.69,0.0,0.0,2.95,0.0,428.04268389289024,0.7239699190975538,2.2777777,-0.32300543566737,-inf
Portugal,2005,18.22,0.0,42.79,2.89,0.01,436.4453939845744,0.7664236008960968,2.6666667,-0.2660202583109827,-4.605170185988091
Portugal,2006,0.0,0.0,55.87,2.79,0.01,441.0951306407884,0.9085476466715224,2.6944444,-0.09590794709292155,-4.605170185988091
Portugal,2007,0.0,0.0,55.13,2.75,0.01,457.11907960607664,0.840370886213782,2.3611112,-0.17391195338411514,-4.605170185988091
Portugal,2008,0.0,0.0,58.36,2.5,0.01,424.67937410028264,1.331669283437851,2.6944444,0.2864332555828792,-4.605170185988091
Portugal,2009,0.0,0.0,58.82,2.44,0.01,404.5770315549968,2.045750823197073,2.75,0.715764872819052,-4.605170185988091
Portugal,2010,0.0,0.0,58.82,2.42,0.02,412.5176154580965,3.2885341101474497,2.75,1.1904419062605751,-3.912023005428146
Portugal,2011,35.43,0.0,27.56,2.32,0.02,386.83464739958856,3.4439775857300363,2.9166667,1.236627078335838,-3.912023005428146
Portugal,2012,66.67,0.0,0.0,2.19,0.02,350.3028670705909,3.865963204019004,2.8055556,1.352210862897855,-3.912023005428146
Portugal,2013,73.26,0.0,0.0,2.19,0.02,357.1172086089185,3.678771613500432,2.8055556,1.3025788957777615,-3.912023005428146
Portugal,2014,79.21,0.0,0.0,2.28,0.02,380.44768889946045,3.7371183827189953,2.1111112,1.3183148285456103,-3.912023005428146
Portugal,2015,66.76766048885307,0.0,6.027397260273973,2.41,0.02,418.14908483003984,3.48713409710452,2.1666667,1.2490802232501952,-3.912023005428146
Portugal,2016,0.0,0.0,57.13,2.6,0.02,468.7213692921143,3.4894356198643894,2.3888888,1.2497400096313913,-3.912023005428146
Portugal,2017,0.0,0.0,55.56,2.57,0.02,487.7741425007039,3.613486985815947,2.3888888,1.2846732301890822,-3.912023005428146
Portugal,2018,0.0,0.0,58.77,2.51,0.02,501.2397141840845,3.5842705173232288,2.3888888,1.2765549714281226,-3.912023005428146
Portugal,2019,0.0,0.0,79.62,2.54,0.02,529.1834362002994,3.8809040756589637,2.6666667,1.3560681356832114,-3.912023005428146
Portugal,2020,0.0,0.0,72.22222222222221,2.37,0.02,462.6039165856809,3.377656250349007,2.7777777,1.2171820519136176,-3.912023005428146
Portugal,2021,0.0,0.0,67.8,2.32,0.02,485.0551992210643,4.76749717303824,,1.561821465527026,-3.912023005428146
Portugal,2022,0.0,0.0,46.71,1.91,0.03,445.43244359102243,8.120308995343448,,2.094368207063291,-3.506557897319982
Portugal,2023,0.0,0.0,62.52,,,,,,,
Romania,2004,0.33,0.23,99.41,2.38,0.14,66.90596962075072,3.9045769137321584,,1.3621494326670434,-1.9661128563728327
Romania,2005,41.58,25.16,29.1,2.01,0.1,74.56160820387356,3.5314780682735227,,1.2617164995328234,-2.3025850929940455
Romania,2006,42.13,25.35,28.25,1.94,0.08,89.12009950098519,3.8086682117755415,,1.337279577316437,-2.5257286443082556
Romania,2007,69.9,19.82,7.84,2.01,0.02,122.69033225235745,0.95053474642654,,-0.05073056177594542,-3.912023005428146
Romania,2008,75.68,17.16,1.3,1.7,0.01,121.10211012580416,0.706012671710194,,-0.3481220930519606,-4.605170185988091
Romania,2009,57.24,0.58,35.62,1.79,0.01,110.20407181308131,0.3520316473014074,,-1.0440342003191705,-4.605170185988091
Romania,2010,52.46,23.53,1.93,2.07,0.01,130.91454970992802,0.7527089000567051,,-0.2840767128363132,-4.605170185988091
Romania,2011,61.95,23.16,5.79,1.86,0.01,127.73477718953909,0.5782347094889259,,-0.5477754209544435,-4.605170185988091
Romania,2012,39.95,8.85,34.35,1.91,0.01,132.98810177567245,0.6516091930241422,,-0.4283102939680385,-4.605170185988091
Romania,2013,40.0,4.0,53.14,2.07,0.01,147.9846592919537,0.5559532965203179,,-0.5870709873238501,-4.605170185988091
Romania,2014,5.71,10.14,64.7,2.38,0.01,180.1885470872213,0.5027882143027023,,-0.6875862426706371,-4.605170185988091
Romania,2015,7.9947814742335295,7.9947814742335295,63.68688845401174,2.45,0.01,197.81166530477782,0.4143196961426786,,-0.8811173902547826,-4.605170185988091
Romania,2016,0.0,0.0,0.0,2.44,0.01,207.35278838724497,0.5314109284987357,,-0.6322196803828779,-4.605170185988091
Romania,2017,14.54,0.0,81.07,1.95,0.01,185.83097461982575,0.499267052484045,,-0.6946141510671286,-4.605170185988091
Romania,2018,14.452751713025684,0.0,79.04756329413864,1.96,0.0,207.11698744529235,0.4852631487056825,,-0.7230639605341673,-inf
Romania,2019,23.76,0.0,71.96,2.11,0.0,244.25954880039117,0.45685323210498147,,-0.7833930948006171,-inf
Romania,2020,86.63370630583744,0.46838407494145196,0.0,1.9,0.0,217.81238239835974,0.47442934817871557,,-0.745642569428979,-inf
Romania,2021,69.54,21.07,4.12,2.42,0.0,306.843525584771,0.5355071857063092,,-0.6245409704984451,-inf
Romania,2022,35.91,18.31,41.2,3.49,0.0,516.950886741645,0.5995222091479949,,-0.511622259082335,-inf
Romania,2023,41.15,8.27,48.52,,,,,,,
Slovakia,2004,18.75,81.25,0.0,2.51,0.09,,,1.4722222,,-2.4079456086518722
Slovakia,2005,18.75,81.25,0.0,2.41,0.09,,,2.0833333,,-2.4079456086518722
Slovakia,2006,23.3,38.46,34.09,2.3,0.11,,,2.1388888,,-2.2072749131897207
Slovakia,2007,31.25,0.0,68.75,2.13,0.11,,,1.8055556,,-2.2072749131897207
Slovakia,2008,31.25,0.0,68.75,2.06,0.06,,,1.8055556,,-2.8134107167600364
Slovakia,2009,29.09,0.0,70.91,1.97,0.06,,,2.4166667,,-2.8134107167600364
Slovakia,2010,35.45,25.72,38.84,2.07,0.05,,,2.3055556,,-2.995732273553991
Slovakia,2011,46.05,53.95,0.0,2.41,0.05,,,2.6944444,,-2.995732273553991
Slovakia,2012,10.27,15.41,74.32,2.37,0.05,,,2.5833333,,-2.995732273553991
Slovakia,2013,0.0,0.0,100.0,2.51,0.04,,,3.1666667,,-3.2188758248682006
Slovakia,2014,0.0,0.0,100.0,2.52,0.04,,,3.0,,-3.2188758248682006
Slovakia,2015,0.0,0.0,100.0,2.49,0.04,,,2.8333333,,-3.2188758248682006
Slovakia,2016,28.11,2.93,68.96,2.47,0.04,,,3.0555556,,-3.2188758248682006
Slovakia,2017,40.0,0.0,60.0,2.53,0.03,,,2.4166667,,-3.506557897319982
Slovakia,2018,40.0,0.0,60.0,2.47,0.03,,,2.5555556,,-3.506557897319982
Slovakia,2019,40.0,0.0,60.0,2.5,0.03,,,2.4444444,,-3.506557897319982
Slovakia,2020,86.88524590163934,0.0,13.114754098360656,2.43,0.03,,,2.5,,-3.506557897319982
Slovakia,2021,100.0,0.0,0.0,2.34,0.03,,,,,-3.506557897319982
Slovakia,2022,91.99,0.0,0.0,2.45,0.02,,,,,-3.912023005428146
Slovakia,2023,28.91,0.0,16.06,,,,,,,
Slovenia,2004,68.84,1.86,29.3,3.26,0.22,449.16104660362583,30.87112145545445,0.52777779,3.429821166181209,-1.5141277326297755
Slovenia,2005,47.16,23.49,29.36,3.16,0.24,456.1069026640686,34.35685742479033,2.0277777,3.5368016326536322,-1.4271163556401458
Slovenia,2006,48.0,22.94,29.06,2.96,0.19,461.6746093913501,29.194745244829257,2.0833333,3.3739887357111047,-1.6607312068216509
Slovenia,2007,52.94,17.65,29.41,2.95,0.18,510.5290958623909,30.568023142307553,2.0833333,3.4199544672205864,-1.7147984280919266
Slovenia,2008,50.55,15.67,33.78,2.94,0.16,549.5380237429476,30.65329715888065,2.25,3.4227402311113635,-1.8325814637483102
Slovenia,2009,31.58,0.0,68.42,3.63,0.15,636.8337215499181,26.65628589736864,2.9166667,3.2830249913684155,-1.8971199848858813
Slovenia,2010,31.58,0.0,68.42,3.9,0.16,686.4549788805238,28.51727267091448,2.8611112,3.350509962323822,-1.8325814637483102
Slovenia,2011,20.67,0.0,79.33,3.72,0.16,665.6427208510344,29.320313341059205,2.8611112,3.3782805639006095,-1.8325814637483102
Slovenia,2012,48.47,13.7,37.55,4.0,0.16,698.0500778014728,28.31575002223941,2.75,3.3434181877277354,-1.8325814637483102
Slovenia,2013,27.66,3.65,68.89,4.28,0.17,749.2986490468472,29.17056845471717,2.9166667,3.3731602713386057,-1.7719568419318752
Slovenia,2014,40.104134382941794,0.0,59.8958656170582,4.24,0.16,767.2091872860067,28.559927836351466,2.8888888,3.3520046107297974,-1.8325814637483102
Slovenia,2015,58.82352941176471,0.0,41.17647058823529,4.4,0.16,820.9956622895415,29.478597607692834,2.8888888,3.383664495215817,-1.8325814637483102
Slovenia,2016,58.82,0.0,41.18,4.43,0.15,857.5515655371659,28.9098236258633,2.9444444,3.364181455209344,-1.8971199848858813
Slovenia,2017,58.82,0.0,41.18,4.22,0.13,871.1335915617009,26.747154938956285,3.0,3.286428110263469,-2.0402208285265546
Slovenia,2018,53.505237711522966,8.8638195004029,37.63094278807414,3.94,0.12,863.650697673073,26.770895715981627,3.0,3.2873153166654987,-2.120263536200091
Slovenia,2019,41.18,29.41,29.41,3.78,0.12,871.3671090340143,26.661750587176215,3.1666667,3.2832299760297805,-2.120263536200091
Slovenia,2020,64.97,20.0,15.03,3.37,0.12,748.9943726726214,27.01649861421534,3.2222223,3.296447739169072,-2.120263536200091
Slovenia,2021,69.44,19.92,1.41,3.26,0.11,803.4091701496956,26.156515007264908,,3.264098299337918,-2.2072749131897207
Slovenia,2022,27.58,9.19,58.63,2.92,0.1,786.912970934758,26.244320753609244,,3.2674496133866526,-2.3025850929940455
Slovenia,2023,0.0,0.0,100.0,,,,,,,
Spain,2004,0.0,29.23,70.77,1.95,0.02,391.64160855432874,4.123769465444152,2.2222223,1.4167676638754672,-3.912023005428146
Spain,2005,0.0,0.0,100.0,1.9,0.02,403.63634655960146,4.008874043582875,2.3611112,1.3885104147539489,-3.912023005428146
Spain,2006,0.0,0.0,100.0,1.83,0.02,413.7862468677444,4.437204868158818,2.3888888,1.490024644005812,-3.912023005428146
Spain,2007,0.0,0.0,100.0,1.77,0.02,421.7852851549113,4.621153522613571,2.4722223,1.5306443541481165,-3.912023005428146
Spain,2008,0.0,0.0,100.0,1.63,0.02,395.59033092712104,5.157319348133984,2.5555556,1.6404169383277996,-3.912023005428146
Spain,2009,0.0,0.0,100.0,1.62,0.02,373.8977242731728,4.11966918581921,2.6666667,1.4157728654335675,-3.912023005428146
Spain,2010,0.0,0.0,98.75,1.64,0.02,379.4155716298576,5.281588423548267,2.6111112,1.6642268902687871,-3.912023005428146
Spain,2011,0.0,3.56,90.41,1.58,0.02,360.82641957951205,5.5409725288209195,2.8333333,1.7121700320712478,-3.912023005428146
Spain,2012,0.0,100.0,0.0,1.58,0.03,349.0257371471673,7.739498734901964,2.8055556,2.046336922571864,-3.506557897319982
Spain,2013,0.0,100.0,0.0,1.91,0.08,420.6559646177948,17.395950604509284,2.2222223,2.8562374552573027,-2.5257286443082556
Spain,2014,0.0,100.0,0.0,1.86,0.07,416.81653114930134,15.511753843225264,2.3888888,2.741598049017719,-2.659260036932778
Spain,2015,0.0,100.0,0.0,1.92,0.08,449.30725554137,19.700792544582786,2.3888888,2.980658865624192,-2.5257286443082556
Spain,2016,0.0,100.0,0.0,1.86,0.09,448.3257078522957,20.802829150344046,2.2777777,3.035088994301284,-2.4079456086518722
Spain,2017,0.0,100.0,0.0,1.83,0.09,460.0238541062055,21.676966158778928,2.2777777,3.0762502294536094,-2.4079456086518722
Spain,2018,0.0,43.013698630136986,56.986301369863014,1.83,0.09,473.48426165922405,22.137814562639054,2.4444444,3.0972872125004454,-2.4079456086518722
Spain,2019,0.0,0.0,100.0,1.76,0.09,469.228311959581,22.658400197713636,2.4444444,3.120530652830122,-2.4079456086518722
Spain,2020,0.0,0.0,100.0,1.74,0.09,415.849838875869,22.0835117766238,2.5,3.094831256616464,-2.4079456086518722
Spain,2021,0.0,0.0,100.0,1.72,0.09,449.4283065258804,24.590962243508987,,3.202378986959393,-2.4079456086518722
Spain,2022,0.0,0.0,100.0,1.5,0.08,432.6921637407652,22.55066345747903,,3.1157644871335752,-2.5257286443082556
Spain,2023,0.0,0.0,100.0,,,,,,,
Sweden,2004,0.0,0.0,100.0,2.71,0.08,934.5028109649036,26.49237546409747,3.1388888,3.2768569732573707,-2.5257286443082556
Sweden,2005,0.0,0.0,100.0,2.76,0.07,964.7876997935228,23.28903296856152,3.0833333,3.1479825617186954,-2.659260036932778
Sweden,2006,16.44,7.67,75.89,2.66,0.06,986.5343392245255,23.776210684317668,3.25,3.168685529714025,-2.8134107167600364
Sweden,2007,68.18,31.82,0.0,2.56,0.06,1002.1412115225776,23.256215613048052,3.0833333,3.146572434500493,-2.8134107167600364
Sweden,2008,68.18,31.82,0.0,2.65,0.05,1015.7406414157086,19.447620334726846,3.4166667,2.9677247147503953,-2.995732273553991
Sweden,2009,68.18,31.82,0.0,2.77,0.04,932.0972219757671,13.773167005699298,3.6111112,2.6227222794479212,-3.2188758248682006
Sweden,2010,68.93,31.07,0.0,2.68,0.04,1063.8735286772646,14.545549931830731,3.6111112,2.6772851002273166,-3.2188758248682006
Sweden,2011,70.83,29.17,0.0,2.45,0.04,1064.2664103349136,15.236189511232311,3.5,2.7236734869239,-3.2188758248682006
Sweden,2012,70.83,29.17,0.0,2.41,0.03,1083.1237432209302,14.024031412149581,3.3888888,2.640772387501592,-3.506557897319982
Sweden,2013,70.83,29.17,0.0,2.33,0.03,1068.498441571942,12.425551116263222,3.4444444,2.519754926432679,-3.506557897319982
Sweden,2014,53.76,22.13,24.11,2.19,0.03,985.7509867359178,12.434883680156268,3.5555556,2.520505722982125,-3.506557897319982
Sweden,2015,0.0,0.0,100.0,2.17,0.03,999.7963096118392,13.026592208781423,3.6111112,2.566992822685231,-3.506557897319982
Sweden,2016,0.0,0.0,100.0,2.23,0.03,1043.8941115590565,12.856888759896746,3.6666667,2.553879757960517,-3.506557897319982
Sweden,2017,0.0,0.0,100.0,2.14,0.04,1010.0621434447525,19.16243657345846,3.6111112,2.9529519342620416,-3.2188758248682006
Sweden,2018,0.0,0.0,100.0,2.1,0.05,964.7885538328727,24.42995302113548,3.6666667,3.195809962268843,-2.995732273553991
Sweden,2019,0.0,0.0,100.0,2.06,0.05,951.3782961131882,24.539621848163133,3.6111112,3.2002890295537316,-2.995732273553991
Sweden,2020,0.0,0.0,100.0,2.0,0.06,927.0337342885583,27.62656129237021,3.8333333,3.3187776756117375,-2.8134107167600364
Sweden,2021,0.0,0.0,100.0,1.9,0.06,983.4884676766889,31.830454680869305,,3.4604235258564224,-2.8134107167600364
Sweden,2022,15.41,5.14,79.45,1.93,0.06,1015.6717769271326,31.129192011283365,,3.4381460288093595,-2.8134107167600364
Sweden,2023,75.0,25.0,0.0,,,,,,,
