country,year,GENpac,RCOpac,RECpac,GENplas,RCOplas,RECplas
Austria,2004,134.83,111.05,89.28,27.55,22.76,9.13
Austria,2005,135.08,115.33,90.41,27.35,24.0,8.99
Austria,2006,141.06,123.38,96.46,28.8,26.12,10.3
Austria,2007,142.79,128.87,95.89,29.49,28.09,9.66
Austria,2008,141.82,129.82,96.31,30.23,29.41,10.54
Austria,2009,139.5,129.19,93.34,30.66,29.72,10.03
Austria,2010,147.17,135.69,97.95,31.63,31.63,10.87
Austria,2011,146.82,137.64,96.64,31.48,31.48,10.95
Austria,2012,148.7,139.77,98.02,32.24,32.24,11.17
Austria,2013,149.97,144.07,99.85,34.05,34.05,11.71
Austria,2014,152.52,146.7,101.56,34.16,34.16,11.47
Austria,2015,151.72,146.08,101.85,34.12,34.12,11.46
Austria,2016,153.46,146.83,102.58,34.09,34.09,11.45
Austria,2017,156.52,149.15,102.72,34.36,34.36,11.48
Austria,2018,159.9,152.28,104.75,34.16,34.16,10.89
Austria,2019,161.89,154.45,105.81,33.31,33.31,10.25
Austria,2020,157.34,148.52,99.61,33.55,33.55,8.49
Austria,2021,164.61,155.63,107.53,33.67,33.36,8.72
Austria,2022,163.2,155.28,107.69,33.17,33.17,8.43
Austria,2023,152.37,145.39,98.49,32.29,32.29,8.69
Belgium,2004,156.6,145.15,119.61,27.01,22.98,9.86
Belgium,2005,158.36,146.89,121.65,27.7,23.41,10.55
Belgium,2006,157.9,149.18,124.74,28.66,24.42,11.05
Belgium,2007,157.07,149.51,126.34,29.06,24.96,11.17
Belgium,2008,157.81,149.91,124.44,28.16,24.29,11.12
Belgium,2009,152.11,144.78,120.29,28.11,24.6,12.09
Belgium,2010,154.74,147.76,123.41,28.96,25.43,12.01
Belgium,2011,154.24,149.48,123.65,28.62,26.43,11.84
Belgium,2012,154.46,149.83,124.06,28.85,26.74,11.98
Belgium,2013,155.77,150.5,122.6,29.51,26.93,11.5
Belgium,2014,155.4,154.2,126.4,29.36,28.86,12.27
Belgium,2015,155.32,154.26,126.64,30.13,29.62,12.82
Belgium,2016,157.13,156.74,128.71,30.28,30.13,13.15
Belgium,2017,156.55,156.0,131.16,30.36,30.06,13.5
Belgium,2018,157.51,156.84,134.31,30.4,30.02,12.9
Belgium,2019,160.62,159.82,134.18,30.57,30.38,14.46
Belgium,2020,167.28,165.42,132.49,32.0,31.82,14.3
Belgium,2021,170.75,169.26,136.57,32.02,31.79,15.76
Belgium,2022,167.1,165.62,133.72,31.36,31.22,17.0
Belgium,2023,166.72,163.78,132.29,29.97,29.9,17.84
Bulgaria,2004,,,,,,
Bulgaria,2005,67.92,21.0,20.92,13.84,1.17,1.17
Bulgaria,2006,48.54,17.0,16.99,11.75,2.37,2.37
Bulgaria,2007,42.19,23.14,23.13,13.53,2.64,2.64
Bulgaria,2008,40.33,20.34,20.29,10.37,1.61,1.61
Bulgaria,2009,40.82,18.72,18.72,12.82,3.84,3.84
Bulgaria,2010,43.43,26.92,26.77,11.08,4.61,4.54
Bulgaria,2011,42.82,28.08,27.89,12.92,5.15,5.06
Bulgaria,2012,45.0,30.4,29.94,13.16,5.81,5.36
Bulgaria,2013,48.89,32.25,32.13,13.48,5.58,5.57
Bulgaria,2014,53.53,33.3,33.21,14.43,9.26,9.25
Bulgaria,2015,56.2,36.04,36.04,14.25,8.67,8.67
Bulgaria,2016,61.09,38.98,38.98,15.7,8.26,8.26
Bulgaria,2017,66.61,43.83,43.69,17.63,11.53,11.43
Bulgaria,2018,74.13,44.85,44.77,19.57,11.61,11.58
Bulgaria,2019,83.8,51.44,51.28,24.62,12.46,12.46
Bulgaria,2020,,,,,,
Bulgaria,2021,78.85,45.65,45.64,23.25,10.94,10.94
Bulgaria,2022,80.92,47.21,47.2,22.95,9.06,9.06
Bulgaria,2023,,,,,,
Croatia,2004,,,,,,
Croatia,2005,,,,,,
Croatia,2006,,,,,,
Croatia,2007,,,,,,
Croatia,2008,,,,,,
Croatia,2009,,,,,,
Croatia,2010,,,,,,
Croatia,2011,,,,,,
Croatia,2012,46.52,27.76,27.76,11.31,5.13,5.13
Croatia,2013,46.91,27.59,27.59,11.52,5.21,5.21
Croatia,2014,48.75,25.74,25.71,11.69,4.44,4.41
Croatia,2015,51.86,31.17,31.17,12.5,5.79,5.79
Croatia,2016,55.89,30.6,30.6,13.34,5.48,5.48
Croatia,2017,65.16,34.73,34.73,14.97,5.58,5.58
Croatia,2018,69.44,40.55,40.55,16.13,6.02,6.02
Croatia,2019,76.21,37.26,37.26,17.25,6.17,6.17
Croatia,2020,68.29,37.38,37.02,16.83,5.74,5.74
Croatia,2021,73.87,38.69,38.22,18.11,6.24,6.24
Croatia,2022,82.17,43.55,43.09,19.26,6.73,6.73
Croatia,2023,81.39,42.71,42.26,18.52,5.22,5.22
Cyprus,2004,199.26,43.86,43.86,44.83,4.02,4.02
Cyprus,2005,166.63,18.47,18.47,46.36,4.02,4.02
Cyprus,2006,83.98,21.17,21.17,17.05,2.48,2.48
Cyprus,2007,102.07,26.39,26.2,19.18,2.75,2.75
Cyprus,2008,111.19,38.19,37.81,21.11,3.12,3.12
Cyprus,2009,98.71,41.94,41.63,19.48,3.54,3.54
Cyprus,2010,95.88,48.04,47.95,19.03,5.19,5.18
Cyprus,2011,88.8,46.2,46.13,17.85,6.8,6.78
Cyprus,2012,86.75,48.35,47.95,17.62,7.9,7.9
Cyprus,2013,91.31,51.67,51.65,18.25,8.27,8.27
Cyprus,2014,85.69,50.34,50.28,18.56,8.66,8.65
Cyprus,2015,85.97,51.52,51.4,18.99,12.11,12.1
Cyprus,2016,86.23,58.26,55.71,19.34,14.37,12.04
Cyprus,2017,89.94,61.83,59.54,20.47,15.56,13.31
Cyprus,2018,86.73,60.76,60.72,19.97,10.85,10.85
Cyprus,2019,92.31,66.11,61.03,20.63,10.55,10.41
Cyprus,2020,91.68,59.01,54.08,20.28,10.52,9.86
Cyprus,2021,92.32,56.67,53.34,22.89,11.78,8.67
Cyprus,2022,98.55,81.45,67.88,23.97,16.75,9.37
Cyprus,2023,,,,,,
Czechia,2004,76.1,47.56,42.4,17.37,10.21,7.61
Czechia,2005,82.99,54.59,48.95,20.25,9.73,7.09
Czechia,2006,87.77,60.45,55.68,19.93,11.35,8.84
Czechia,2007,93.47,66.56,61.55,21.08,12.1,9.6
Czechia,2008,93.18,69.07,62.53,20.82,14.42,10.44
Czechia,2009,85.63,64.93,58.94,19.99,14.19,10.49
Czechia,2010,88.09,68.65,61.68,20.01,15.34,10.8
Czechia,2011,90.06,67.76,62.8,19.95,14.1,11.38
Czechia,2012,91.56,67.4,63.99,20.14,13.56,11.72
Czechia,2013,95.66,71.49,66.9,20.46,14.63,12.2
Czechia,2014,96.89,76.12,70.71,20.79,15.15,12.1
Czechia,2015,103.14,81.97,76.6,23.45,17.51,14.47
Czechia,2016,108.82,86.99,81.96,22.42,16.15,13.28
Czechia,2017,115.03,88.74,83.15,23.59,17.07,13.82
Czechia,2018,122.0,90.17,84.94,25.16,17.57,14.34
Czechia,2019,125.04,94.39,89.09,24.76,18.39,15.12
Czechia,2020,124.21,96.07,84.35,24.72,18.8,10.33
Czechia,2021,136.79,105.49,94.34,27.1,20.59,12.21
Czechia,2022,131.68,106.85,93.15,26.05,22.14,12.29
Czechia,2023,125.94,108.43,94.03,25.82,23.11,13.53
Denmark,2004,175.57,161.62,93.39,32.25,31.44,5.26
Denmark,2005,181.39,163.93,95.23,33.73,32.91,6.43
Denmark,2006,178.56,168.18,100.32,35.09,34.25,7.12
Denmark,2007,179.25,173.03,101.87,35.12,34.29,7.65
Denmark,2008,164.22,160.04,98.08,30.01,29.33,7.64
Denmark,2009,125.65,135.88,105.55,29.96,29.29,7.91
Denmark,2010,125.09,135.28,105.08,29.82,29.16,7.87
Denmark,2011,158.53,143.49,86.05,33.8,33.01,7.53
Denmark,2012,160.05,142.41,98.53,32.85,32.64,8.51
Denmark,2013,159.05,148.49,111.08,33.85,33.13,9.85
Denmark,2014,161.41,148.84,112.66,33.22,32.64,10.21
Denmark,2015,155.26,145.99,114.79,34.67,33.94,10.57
Denmark,2016,163.29,156.95,129.01,37.46,36.75,13.53
Denmark,2017,168.29,156.42,120.24,34.81,34.2,14.54
Denmark,2018,173.1,152.1,119.24,42.88,41.99,13.43
Denmark,2019,163.15,151.79,111.28,39.8,39.05,14.89
Denmark,2020,179.34,180.48,112.48,39.27,39.27,8.99
Denmark,2021,185.26,177.76,119.79,36.3,36.3,7.56
Denmark,2022,187.73,180.54,121.88,35.83,35.83,8.4
Denmark,2023,192.38,177.83,120.71,40.62,40.62,11.29
Estonia,2004,96.42,32.71,32.27,21.26,2.57,2.56
Estonia,2005,101.26,41.64,40.83,23.29,5.95,5.94
Estonia,2006,112.96,56.61,51.59,26.85,9.04,9.04
Estonia,2007,121.02,62.56,60.01,27.85,10.68,10.65
Estonia,2008,160.4,71.69,69.78,53.72,12.1,11.84
Estonia,2009,121.08,71.28,69.2,39.42,10.84,8.93
Estonia,2010,118.6,73.09,66.58,38.22,16.29,12.76
Estonia,2011,145.41,97.44,91.41,39.18,18.6,15.52
Estonia,2012,149.15,101.09,91.39,35.98,15.82,10.71
Estonia,2013,169.9,132.02,99.28,49.06,34.48,13.8
Estonia,2014,173.3,142.11,104.48,50.17,38.1,14.69
Estonia,2015,172.14,137.88,101.56,46.47,35.49,12.93
Estonia,2016,169.33,141.94,94.86,49.1,42.15,12.08
Estonia,2017,175.46,142.69,93.88,49.95,39.75,13.26
Estonia,2018,158.15,136.88,95.56,41.9,34.26,15.81
Estonia,2019,157.64,157.33,104.29,43.31,36.97,17.59
Estonia,2020,154.74,147.8,110.45,40.32,35.25,16.5
Estonia,2021,149.96,146.39,105.59,37.63,33.46,15.99
Estonia,2022,143.21,139.9,104.55,33.83,30.35,14.98
Estonia,2023,139.25,129.27,95.45,34.78,31.46,14.74
Finland,2004,124.23,84.63,49.6,17.2,5.85,2.51
Finland,2005,131.3,89.02,56.69,19.08,2.76,2.59
Finland,2006,128.55,99.54,63.18,18.4,5.26,2.92
Finland,2007,131.55,110.16,68.3,18.63,8.01,3.43
Finland,2008,131.89,118.65,74.83,21.71,10.6,4.93
Finland,2009,122.46,107.76,67.96,21.04,9.52,5.33
Finland,2010,132.05,112.3,73.17,21.67,9.79,5.69
Finland,2011,131.7,118.02,77.27,21.74,10.16,5.52
Finland,2012,132.2,123.36,78.36,21.65,11.04,5.5
Finland,2013,131.77,122.76,76.38,21.65,11.72,4.92
Finland,2014,134.01,131.66,76.9,21.38,14.6,5.26
Finland,2015,130.27,133.19,79.31,21.27,18.9,5.03
Finland,2016,129.19,141.81,83.54,22.36,21.72,5.68
Finland,2017,135.0,151.34,87.96,23.66,23.17,6.28
Finland,2018,127.93,146.55,87.77,24.52,24.06,7.62
Finland,2019,131.44,151.28,90.0,24.22,23.76,10.18
Finland,2020,157.66,154.39,92.11,28.41,28.25,7.45
Finland,2021,158.74,150.12,91.67,29.94,29.86,8.74
Finland,2022,159.86,152.2,92.42,28.94,28.85,8.87
Finland,2023,153.46,145.29,86.94,28.49,28.4,8.34
France,2004,198.02,121.66,100.45,31.66,16.72,5.54
France,2005,196.2,124.54,104.57,31.86,17.12,6.04
France,2006,199.69,127.9,109.4,32.53,16.94,6.2
France,2007,200.5,135.18,114.31,33.12,17.69,6.99
France,2008,199.88,130.39,110.32,31.89,18.19,7.18
France,2009,190.34,126.46,107.35,29.1,16.91,7.28
France,2010,193.09,135.75,117.96,30.88,18.89,7.31
France,2011,196.7,140.03,120.53,31.2,19.02,7.28
France,2012,187.3,139.85,121.55,30.53,19.53,7.67
France,2013,184.43,139.01,122.54,30.09,19.32,7.7
France,2014,188.1,140.27,122.71,31.1,19.91,7.84
France,2015,187.36,141.51,122.77,32.06,20.62,8.16
France,2016,190.08,143.62,125.54,32.65,21.05,8.42
France,2017,193.08,150.5,131.56,34.8,24.27,9.21
France,2018,195.49,141.37,119.7,35.09,24.53,9.43
France,2019,187.02,145.65,118.5,35.47,24.8,9.56
France,2020,187.52,140.62,108.5,35.67,25.61,7.65
France,2021,197.49,147.42,117.7,36.75,26.52,8.49
France,2022,188.21,149.65,123.35,35.68,26.21,8.98
France,2023,172.82,144.22,117.14,35.46,26.77,9.19
Germany,2004,188.05,162.46,130.86,27.33,20.25,12.14
Germany,2005,187.59,163.14,127.97,28.71,21.38,11.23
Germany,2006,195.84,173.14,130.24,31.46,25.7,12.98
Germany,2007,195.86,185.56,131.08,32.14,30.63,13.73
Germany,2008,195.41,185.15,137.79,33.28,32.04,15.75
Germany,2009,183.78,174.35,135.02,32.0,30.97,15.48
Germany,2010,195.69,187.2,142.19,32.9,31.97,16.23
Germany,2011,205.37,200.08,147.36,34.58,34.41,16.78
Germany,2012,206.23,199.58,146.97,35.27,35.15,17.47
Germany,2013,212.37,207.54,152.58,35.63,35.58,17.58
Germany,2014,219.53,214.62,156.73,36.37,36.31,18.26
Germany,2015,222.23,216.04,154.09,37.36,37.29,18.24
Germany,2016,220.55,214.28,155.86,37.62,37.54,18.7
Germany,2017,226.52,219.73,158.31,38.53,38.45,19.16
Germany,2018,227.49,220.38,155.77,39.03,38.97,18.38
Germany,2019,227.55,217.67,145.57,39.11,38.9,16.94
Germany,2020,225.79,216.77,153.81,39.71,39.67,18.33
Germany,2021,236.69,228.02,160.64,41.09,41.09,19.89
Germany,2022,228.63,220.09,156.52,39.78,39.77,20.33
Germany,2023,215.19,207.08,149.34,37.51,37.45,19.6
Greece,2004,94.75,34.78,34.78,27.84,1.64,1.64
Greece,2005,96.57,40.41,40.41,23.85,2.37,2.37
Greece,2006,95.82,40.97,40.97,27.22,2.72,2.72
Greece,2007,95.04,45.62,45.62,26.7,3.67,3.67
Greece,2008,94.78,41.54,41.54,21.66,2.58,2.58
Greece,2009,90.75,47.48,47.48,21.34,5.69,5.69
Greece,2010,83.39,49.06,48.92,19.92,6.0,6.0
Greece,2011,78.38,48.68,48.68,18.71,6.17,6.17
Greece,2012,70.02,41.04,41.04,16.74,5.39,5.39
Greece,2013,68.33,36.1,35.8,16.55,5.34,5.34
Greece,2014,68.66,37.26,36.93,16.93,5.55,5.55
Greece,2015,68.57,41.6,41.35,16.99,6.3,6.26
Greece,2016,69.81,46.93,46.15,17.32,6.97,6.61
Greece,2017,73.13,52.36,50.2,17.5,8.41,7.24
Greece,2018,75.91,48.27,48.27,18.83,7.49,7.49
Greece,2019,81.1,48.73,48.73,20.76,7.8,7.8
Greece,2020,,,,,,
Greece,2021,97.8,52.93,52.93,26.09,9.86,9.86
Greece,2022,104.95,45.5,45.5,24.65,7.83,7.83
Greece,2023,,,,,,
Hungary,2004,80.64,37.07,34.93,16.33,3.27,2.29
Hungary,2005,84.57,44.23,38.81,18.62,6.45,3.58
Hungary,2006,87.87,44.88,42.94,19.71,4.21,4.01
Hungary,2007,96.27,52.54,44.65,21.73,9.52,3.7
Hungary,2008,100.08,56.58,50.84,21.44,9.08,5.38
Hungary,2009,97.56,53.66,49.87,22.89,9.09,5.62
Hungary,2010,88.08,54.87,51.7,21.09,9.45,6.86
Hungary,2011,84.08,52.91,49.86,20.93,10.27,7.8
Hungary,2012,102.1,61.38,49.56,25.9,14.26,7.19
Hungary,2013,103.55,62.42,50.92,27.91,15.5,8.61
Hungary,2014,110.38,60.93,53.4,26.3,13.12,9.67
Hungary,2015,118.23,68.64,59.17,30.6,12.84,8.37
Hungary,2016,122.46,73.35,60.9,31.66,17.08,9.96
Hungary,2017,129.63,77.86,64.44,32.44,18.41,10.37
Hungary,2018,139.33,76.76,63.28,35.09,19.8,10.51
Hungary,2019,143.92,80.56,66.76,35.3,19.81,11.66
Hungary,2020,155.88,86.23,74.97,47.84,19.87,11.91
Hungary,2021,161.35,87.63,71.17,43.95,22.04,12.02
Hungary,2022,166.47,85.99,70.6,44.64,21.4,12.32
Hungary,2023,152.95,76.93,64.98,41.31,16.57,9.48
Iceland,2004,,,,,,
Iceland,2005,,,,,,
Iceland,2006,,,,,,
Iceland,2007,,,,,,
Iceland,2008,,,,,,
Iceland,2009,,,,,,
Iceland,2010,138.98,65.46,47.07,37.85,13.67,10.18
Iceland,2011,138.52,88.35,61.02,35.81,20.09,12.65
Iceland,2012,139.0,79.53,56.58,37.34,19.47,13.1
Iceland,2013,147.59,80.55,63.31,44.73,12.05,11.84
Iceland,2014,129.39,73.67,55.43,43.14,11.63,11.56
Iceland,2015,140.88,89.73,66.76,44.98,16.78,12.3
Iceland,2016,147.12,98.48,69.4,46.04,21.1,13.23
Iceland,2017,150.4,94.18,66.78,46.74,13.97,10.54
Iceland,2018,146.79,105.81,75.15,47.55,20.19,13.92
Iceland,2019,149.05,99.11,68.97,48.51,17.45,11.65
Iceland,2020,130.61,95.96,74.48,39.42,14.83,12.13
Iceland,2021,147.77,95.51,73.59,44.55,14.79,12.32
Iceland,2022,154.61,87.29,65.06,50.46,12.92,10.83
Iceland,2023,,,,,,
Ireland,2004,209.06,117.82,117.82,51.99,11.62,11.62
Ireland,2005,222.41,131.1,123.75,52.41,12.64,12.64
Ireland,2006,240.63,137.93,131.23,61.75,12.81,12.43
Ireland,2007,240.05,152.68,145.46,54.03,12.0,12.0
Ireland,2008,228.7,147.91,141.15,55.25,15.99,15.99
Ireland,2009,214.41,149.83,139.23,49.47,17.9,17.9
Ireland,2010,189.4,139.67,125.46,41.14,16.19,16.19
Ireland,2011,188.55,148.97,133.69,34.65,16.46,16.46
Ireland,2012,176.0,152.35,130.23,36.65,27.24,14.82
Ireland,2013,188.18,165.85,132.01,44.4,37.33,17.79
Ireland,2014,208.13,188.59,142.16,59.32,49.36,21.0
Ireland,2015,209.14,191.13,141.24,60.01,50.48,20.39
Ireland,2016,208.14,182.34,139.37,57.85,46.09,20.63
Ireland,2017,215.08,184.61,141.1,58.14,45.17,19.66
Ireland,2018,206.76,188.43,130.22,53.9,51.57,16.72
Ireland,2019,226.05,213.32,138.87,64.12,62.26,17.85
Ireland,2020,222.03,207.39,137.07,60.86,60.86,17.67
Ireland,2021,242.41,218.75,140.81,72.95,71.41,20.39
Ireland,2022,231.72,213.89,138.98,66.16,63.88,21.26
Ireland,2023,223.14,209.48,131.58,66.53,66.27,19.66
Italy,2004,207.33,128.52,110.57,35.52,19.25,9.22
Italy,2005,205.49,133.87,110.41,36.09,20.22,9.4
Italy,2006,209.24,136.53,114.91,37.71,21.37,10.32
Italy,2007,213.44,142.91,121.34,38.63,22.62,10.93
Italy,2008,205.52,141.0,122.55,37.24,22.8,11.59
Italy,2009,182.38,134.92,116.68,35.13,23.41,11.77
Italy,2010,190.76,142.56,122.8,34.62,24.39,11.95
Italy,2011,193.87,143.51,125.1,34.57,23.52,12.48
Italy,2012,188.49,143.81,125.63,34.09,24.48,12.79
Italy,2013,190.06,145.39,126.72,33.87,24.93,12.45
Italy,2014,198.31,151.58,129.69,34.51,27.23,13.1
Italy,2015,204.51,159.31,136.56,35.34,28.99,14.54
Italy,2016,211.33,164.85,141.41,36.84,30.9,15.62
Italy,2017,219.28,170.09,147.15,37.86,30.98,15.83
Italy,2018,212.16,164.67,140.72,38.11,33.1,16.7
Italy,2019,215.64,170.56,145.84,38.75,34.68,17.48
Italy,2020,208.77,168.7,145.07,37.16,32.85,16.27
Italy,2021,229.9,182.94,160.42,38.4,33.93,18.28
Italy,2022,232.36,182.96,159.82,39.45,35.28,18.37
Italy,2023,219.53,184.9,162.24,38.82,35.72,19.04
Latvia,2004,104.55,48.98,47.67,15.96,4.47,3.53
Latvia,2005,117.85,69.86,55.44,16.22,5.71,5.43
Latvia,2006,138.32,63.6,58.38,18.24,5.07,4.88
Latvia,2007,146.85,60.12,58.14,17.95,4.09,4.09
Latvia,2008,121.22,62.72,56.71,17.66,5.09,3.1
Latvia,2009,86.95,44.46,39.02,14.59,4.77,2.96
Latvia,2010,101.98,53.74,49.89,16.78,5.77,4.03
Latvia,2011,104.91,56.36,53.43,17.57,6.16,4.03
Latvia,2012,105.13,57.4,53.72,18.18,7.03,4.36
Latvia,2013,113.94,62.06,58.08,20.14,7.24,4.94
Latvia,2014,111.15,64.88,61.04,19.41,7.57,7.06
Latvia,2015,118.0,73.3,63.58,20.92,8.2,7.38
Latvia,2016,118.2,71.2,68.15,20.55,8.6,7.64
Latvia,2017,122.17,74.38,71.7,20.31,8.37,7.43
Latvia,2018,133.54,85.91,74.54,22.63,11.49,8.11
Latvia,2019,136.74,89.56,85.3,22.22,10.42,7.87
Latvia,2020,142.81,93.36,87.72,24.58,11.77,8.82
Latvia,2021,153.9,100.41,93.86,25.53,12.61,10.62
Latvia,2022,153.44,98.29,93.23,26.0,14.42,12.31
Latvia,2023,144.75,97.98,91.39,25.71,18.88,15.23
Liechtenstein,2004,,,,,,
Liechtenstein,2005,,,,,,
Liechtenstein,2006,158.76,158.76,77.63,18.98,18.98,0.86
Liechtenstein,2007,167.23,167.23,81.05,18.75,18.75,0.59
Liechtenstein,2008,166.62,166.62,78.24,18.88,18.88,0.35
Liechtenstein,2009,167.84,167.84,83.92,18.75,18.75,0.57
Liechtenstein,2010,165.18,150.99,75.9,18.93,18.93,0.44
Liechtenstein,2011,157.63,143.42,76.72,18.95,18.95,0.5
Liechtenstein,2012,141.72,127.62,62.77,19.78,19.78,1.39
Liechtenstein,2013,152.28,138.44,76.6,19.28,19.28,1.27
Liechtenstein,2014,155.15,141.54,80.59,18.98,18.98,1.29
Liechtenstein,2015,172.83,159.41,114.23,20.96,20.96,3.55
Liechtenstein,2016,165.74,152.8,109.13,21.29,21.29,4.45
Liechtenstein,2017,169.88,156.95,113.3,20.6,20.6,3.77
Liechtenstein,2018,174.66,161.89,118.85,21.11,21.11,4.52
Liechtenstein,2019,178.39,166.15,124.91,21.64,21.64,5.74
Liechtenstein,2020,195.49,183.03,141.02,23.21,23.21,7.02
Liechtenstein,2021,192.04,179.81,138.58,23.17,23.17,7.27
Liechtenstein,2022,182.88,171.1,131.4,22.11,22.11,6.8
Liechtenstein,2023,182.11,170.2,130.03,25.67,25.67,10.18
Lithuania,2004,69.28,22.84,22.65,14.97,3.14,3.14
Lithuania,2005,79.46,26.17,25.82,15.44,3.27,3.27
Lithuania,2006,86.75,33.3,32.08,17.3,4.63,4.63
Lithuania,2007,105.96,46.68,45.48,19.96,5.69,5.69
Lithuania,2008,103.08,53.78,53.26,19.95,6.5,6.5
Lithuania,2009,82.43,48.16,47.54,17.12,6.15,6.15
Lithuania,2010,87.97,53.61,53.15,18.25,7.0,7.0
Lithuania,2011,96.54,60.73,60.07,19.93,7.75,7.75
Lithuania,2012,101.08,63.19,62.83,19.97,7.77,7.77
Lithuania,2013,107.98,58.17,57.79,21.34,9.15,9.15
Lithuania,2014,117.36,67.98,67.71,22.83,11.69,11.69
Lithuania,2015,120.69,72.65,72.18,22.5,12.33,12.33
Lithuania,2016,126.98,88.45,88.23,22.8,16.97,16.97
Lithuania,2017,127.08,87.81,78.56,25.29,18.57,18.1
Lithuania,2018,125.79,86.25,76.33,26.91,19.41,18.65
Lithuania,2019,133.6,94.19,82.73,29.65,23.59,20.64
Lithuania,2020,136.04,94.96,84.09,30.64,19.43,17.19
Lithuania,2021,151.85,107.82,92.16,36.43,19.46,16.33
Lithuania,2022,151.12,106.37,88.17,37.81,19.76,16.67
Lithuania,2023,140.02,122.0,85.07,36.13,35.32,15.48
Luxembourg,2004,203.7,184.55,124.27,48.19,41.52,16.6
Luxembourg,2005,212.47,187.24,133.0,47.93,39.3,14.18
Luxembourg,2006,222.31,205.73,141.77,46.88,42.0,14.91
Luxembourg,2007,212.59,195.67,132.91,52.58,47.37,20.35
Luxembourg,2008,213.21,199.78,135.63,44.47,40.76,13.23
Luxembourg,2009,183.33,167.48,111.86,41.56,35.74,10.23
Luxembourg,2010,202.17,182.47,133.34,43.96,36.49,13.62
Luxembourg,2011,201.95,186.73,133.25,45.92,40.04,15.26
Luxembourg,2012,202.67,188.42,126.59,45.73,40.19,16.8
Luxembourg,2013,206.14,189.15,129.36,50.1,43.52,16.11
Luxembourg,2014,227.03,209.55,149.94,50.02,43.28,16.16
Luxembourg,2015,217.55,200.03,152.26,46.88,38.42,15.32
Luxembourg,2016,222.44,206.19,156.32,46.14,38.28,14.7
Luxembourg,2017,225.15,209.3,156.86,46.39,38.72,15.37
Luxembourg,2018,224.04,210.84,158.95,42.61,36.24,13.78
Luxembourg,2019,217.22,204.73,155.24,42.3,36.27,14.11
Luxembourg,2020,205.22,195.26,147.46,39.08,34.85,13.56
Luxembourg,2021,214.24,208.82,152.06,35.8,33.66,14.15
Luxembourg,2022,208.91,197.74,130.48,34.94,33.9,13.89
Luxembourg,2023,207.67,195.15,133.32,34.98,33.97,13.6
Malta,2004,102.66,6.01,6.01,15.72,0.47,0.47
Malta,2005,104.83,8.46,8.46,16.03,0.86,0.86
Malta,2006,107.49,11.59,11.59,16.41,1.21,1.21
Malta,2007,118.49,12.34,12.3,21.63,2.29,2.28
Malta,2008,120.39,55.27,55.27,35.3,4.93,4.93
Malta,2009,122.53,45.21,44.07,32.24,16.8,16.41
Malta,2010,110.36,32.22,31.44,29.34,6.59,6.45
Malta,2011,127.93,57.19,54.06,27.39,8.1,7.91
Malta,2012,125.12,59.49,58.26,25.82,8.59,8.46
Malta,2013,134.25,51.33,51.11,27.03,6.22,6.1
Malta,2014,134.1,55.32,55.08,25.79,8.66,8.49
Malta,2015,140.9,52.47,52.33,28.08,8.09,8.02
Malta,2016,147.25,58.49,58.4,32.0,7.57,7.52
Malta,2017,147.04,52.4,52.4,28.47,5.48,5.48
Malta,2018,146.87,52.45,52.45,31.84,3.54,3.54
Malta,2019,153.75,51.74,51.74,31.78,4.88,4.88
Malta,2020,139.77,55.88,55.88,27.42,2.8,2.8
Malta,2021,150.54,56.84,56.69,30.9,5.28,5.28
Malta,2022,167.16,58.6,53.19,29.26,6.71,4.81
Malta,2023,,,,,,
Netherlands,2004,197.4,182.62,115.41,33.72,32.26,6.51
Netherlands,2005,205.21,188.54,121.81,36.27,33.89,8.03
Netherlands,2006,168.54,153.38,118.34,27.22,24.44,8.85
Netherlands,2007,170.01,158.97,118.68,28.45,26.48,9.58
Netherlands,2008,169.04,160.75,122.34,26.88,25.66,9.79
Netherlands,2009,152.96,148.27,114.52,25.86,25.65,9.92
Netherlands,2010,163.94,158.7,121.21,27.32,26.94,13.0
Netherlands,2011,164.62,156.67,118.43,26.6,26.13,13.48
Netherlands,2012,164.07,152.09,113.64,27.39,26.88,13.07
Netherlands,2013,167.46,157.78,117.95,27.85,27.18,12.97
Netherlands,2014,165.25,155.75,116.45,28.11,27.51,14.23
Netherlands,2015,182.0,172.84,130.46,29.04,28.15,14.46
Netherlands,2016,184.38,174.6,133.94,29.54,28.31,15.21
Netherlands,2017,183.17,174.95,143.13,29.89,28.69,15.06
Netherlands,2018,165.05,155.7,127.73,30.35,28.61,15.78
Netherlands,2019,170.42,162.35,134.28,30.15,28.86,17.24
Netherlands,2020,173.55,160.59,129.6,31.76,30.15,15.61
Netherlands,2021,171.52,160.21,127.05,31.13,29.54,15.22
Netherlands,2022,168.78,157.28,123.24,31.14,29.45,14.22
Netherlands,2023,168.52,157.81,124.61,29.8,28.28,14.64
Norway,2004,,,,,,
Norway,2005,,,,,,
Norway,2006,104.97,93.39,73.78,28.31,22.06,8.45
Norway,2007,107.43,96.56,73.53,29.92,25.28,8.92
Norway,2008,148.65,122.58,81.25,29.57,25.2,7.88
Norway,2009,146.05,118.2,77.56,30.51,24.21,9.16
Norway,2010,147.68,131.17,83.72,29.98,26.51,10.92
Norway,2011,146.69,129.23,84.39,30.71,28.01,11.55
Norway,2012,138.76,128.61,77.62,31.49,29.23,12.01
Norway,2013,145.68,135.81,79.41,33.79,31.22,13.11
Norway,2014,148.52,143.6,82.7,32.15,32.12,11.62
Norway,2015,152.99,146.11,84.35,35.48,34.97,13.17
Norway,2016,149.49,143.73,84.18,36.9,36.08,14.48
Norway,2017,163.05,153.04,86.42,41.81,41.18,15.43
Norway,2018,161.11,151.72,82.75,41.74,41.73,15.13
Norway,2019,165.51,161.02,86.67,44.86,44.47,14.87
Norway,2020,173.45,149.06,88.77,46.12,32.06,12.87
Norway,2021,175.75,148.0,98.2,47.52,29.41,13.46
Norway,2022,143.38,119.37,88.3,45.76,28.44,12.81
Norway,2023,141.15,119.83,88.58,43.33,27.7,13.1
Poland,2004,89.39,37.68,25.29,17.37,4.44,2.98
Poland,2005,91.94,37.68,27.11,16.59,3.77,3.14
Poland,2006,95.82,45.86,35.58,18.09,4.93,4.46
Poland,2007,82.21,49.36,39.59,13.53,6.29,3.79
Poland,2008,109.69,55.5,47.07,17.57,5.57,4.19
Poland,2009,99.08,49.8,36.51,17.47,6.85,3.75
Poland,2010,112.85,60.58,43.86,19.27,5.65,3.88
Poland,2011,121.14,67.66,49.96,20.61,5.33,4.65
Poland,2012,122.69,70.04,50.76,21.86,5.73,4.85
Poland,2013,126.88,63.89,45.75,23.53,4.9,4.7
Poland,2014,127.49,76.51,70.6,23.6,8.45,6.74
Poland,2015,133.84,81.46,77.11,24.63,9.78,7.77
Poland,2016,148.58,91.75,86.11,26.53,14.55,12.54
Poland,2017,153.98,93.7,87.33,27.42,12.62,9.51
Poland,2018,143.98,91.25,84.48,25.94,13.48,9.26
Poland,2019,166.54,104.69,96.98,29.93,15.48,10.88
Poland,2020,,,,,,
Poland,2021,,,,,,
Poland,2022,182.1,117.14,116.61,33.12,15.43,15.35
Poland,2023,172.69,116.55,116.38,34.44,16.05,15.94
Portugal,2004,136.43,65.53,55.88,32.86,7.98,3.46
Portugal,2005,142.63,72.57,63.12,33.86,9.74,5.36
Portugal,2006,164.68,91.99,84.64,35.86,8.57,5.53
Portugal,2007,162.5,96.06,91.76,35.89,8.12,5.5
Portugal,2008,169.05,111.63,103.07,36.74,10.66,7.03
Portugal,2009,162.68,107.11,97.51,35.77,12.95,9.12
Portugal,2010,157.41,96.53,87.39,34.14,12.58,8.37
Portugal,2011,148.2,93.19,86.56,33.76,12.85,8.81
Portugal,2012,145.11,86.88,82.56,33.26,13.11,10.12
Portugal,2013,148.86,96.46,91.56,34.1,15.33,12.04
Portugal,2014,151.19,96.85,92.19,34.53,16.75,13.8
Portugal,2015,152.7,91.93,87.25,35.62,18.27,15.31
Portugal,2016,159.7,102.22,97.32,36.55,18.24,15.27
Portugal,2017,165.37,108.24,91.41,38.71,23.29,13.51
Portugal,2018,172.62,115.36,99.89,40.11,22.7,13.58
Portugal,2019,171.09,123.12,107.52,40.27,23.71,14.34
Portugal,2020,173.59,119.59,103.35,40.0,22.77,13.57
Portugal,2021,175.76,123.66,110.85,41.14,23.39,15.66
Portugal,2022,187.46,128.01,114.57,43.17,24.68,16.12
Portugal,2023,183.77,125.1,113.66,41.37,22.71,16.33
Romania,2004,,,,,,
Romania,2005,53.51,13.42,12.33,15.56,2.07,1.74
Romania,2006,61.78,22.05,17.65,16.75,4.15,2.84
Romania,2007,61.63,22.57,18.83,17.97,3.82,2.74
Romania,2008,57.0,23.22,19.1,16.19,3.33,2.51
Romania,2009,49.03,22.92,19.85,14.42,4.11,3.43
Romania,2010,48.15,23.26,20.88,13.89,4.29,3.92
Romania,2011,49.26,26.8,24.62,13.84,5.97,5.58
Romania,2012,52.82,30.35,30.0,14.86,7.72,7.62
Romania,2013,52.75,28.73,27.85,14.53,7.92,7.5
Romania,2014,62.52,35.28,34.24,16.92,7.8,7.52
Romania,2015,70.48,40.1,39.4,18.12,8.61,8.46
Romania,2016,68.53,42.69,41.37,17.7,8.83,8.24
Romania,2017,71.92,45.22,43.42,18.4,9.51,8.76
Romania,2018,80.47,48.28,46.57,20.1,9.17,8.64
Romania,2019,103.81,49.0,46.35,24.87,9.12,7.74
Romania,2020,116.38,49.45,46.4,24.95,9.22,7.5
Romania,2021,127.21,50.62,48.74,26.42,9.67,8.35
Romania,2022,130.13,50.78,48.51,26.78,10.04,8.68
Romania,2023,,,,,,
Slovakia,2004,68.94,29.97,25.9,9.31,3.03,1.49
Slovakia,2005,64.53,28.15,19.22,16.79,5.01,3.03
Slovakia,2006,55.93,21.98,20.31,11.16,5.04,4.44
Slovakia,2007,59.12,39.87,36.1,13.96,6.28,5.82
Slovakia,2008,60.4,30.21,28.84,15.14,7.0,6.61
Slovakia,2009,73.39,46.35,43.92,16.97,8.71,8.36
Slovakia,2010,80.93,38.42,37.02,19.62,9.03,8.9
Slovakia,2011,82.19,53.45,51.28,19.75,10.6,9.86
Slovakia,2012,82.91,58.0,56.5,19.33,11.84,11.02
Slovakia,2013,81.77,56.8,53.9,18.06,11.15,9.95
Slovakia,2014,85.56,58.17,55.99,18.03,11.07,10.08
Slovakia,2015,90.94,60.69,58.49,19.62,11.97,10.67
Slovakia,2016,95.35,66.3,62.78,21.99,12.76,11.36
Slovakia,2017,95.15,65.24,62.49,22.83,13.9,11.97
Slovakia,2018,102.2,70.63,68.06,24.22,14.55,12.45
Slovakia,2019,104.77,72.97,70.77,24.69,14.74,13.04
Slovakia,2020,103.67,76.78,73.4,23.49,16.24,13.22
Slovakia,2021,105.4,84.05,77.85,23.56,19.95,14.19
Slovakia,2022,108.38,83.64,77.8,26.72,21.58,15.93
Slovakia,2023,103.94,81.31,74.75,25.17,20.0,13.62
Slovenia,2004,80.87,34.96,27.75,16.2,4.16,3.06
Slovenia,2005,84.3,39.83,38.19,16.97,5.75,5.75
Slovenia,2006,101.74,47.18,41.02,23.59,9.12,9.12
Slovenia,2007,105.09,55.68,49.32,22.66,11.55,10.53
Slovenia,2008,106.42,61.66,55.8,23.69,13.24,13.17
Slovenia,2009,101.48,54.24,50.39,22.85,9.65,9.6
Slovenia,2010,99.47,65.42,60.63,22.1,15.63,14.88
Slovenia,2011,101.03,71.22,64.28,21.79,17.85,16.46
Slovenia,2012,98.2,76.63,65.74,21.8,21.03,14.13
Slovenia,2013,97.28,90.0,67.09,20.41,26.1,16.68
Slovenia,2014,101.7,89.62,71.59,21.44,22.59,14.87
Slovenia,2015,104.75,81.1,70.22,21.85,17.32,13.86
Slovenia,2016,108.04,87.42,75.02,22.45,18.61,13.93
Slovenia,2017,113.29,85.35,79.4,24.28,17.42,14.65
Slovenia,2018,114.81,92.41,78.03,23.81,18.54,11.62
Slovenia,2019,117.44,93.98,78.79,23.88,18.66,12.01
Slovenia,2020,118.16,100.59,80.2,23.68,20.22,10.56
Slovenia,2021,133.99,94.13,73.9,26.22,21.42,13.11
Slovenia,2022,142.12,109.05,88.96,26.88,23.34,13.69
Slovenia,2023,138.54,126.04,102.02,30.69,30.18,15.8
Spain,2004,173.42,91.88,82.12,34.09,11.97,6.84
Spain,2005,178.65,100.25,90.07,35.86,12.24,7.44
Spain,2006,180.34,109.46,97.36,36.38,14.43,8.14
Spain,2007,186.17,115.62,104.86,37.12,14.14,8.66
Spain,2008,174.22,113.95,102.91,34.49,13.8,8.43
Spain,2009,160.14,108.58,96.55,31.12,13.61,8.26
Spain,2010,158.65,111.13,98.23,30.01,15.32,8.75
Spain,2011,152.9,110.22,97.77,28.99,16.08,9.39
Spain,2012,143.73,104.19,94.2,27.89,14.83,9.8
Spain,2013,143.67,105.09,95.67,28.01,16.4,11.41
Spain,2014,147.71,110.81,101.41,30.53,18.01,12.96
Spain,2015,154.11,113.14,105.42,31.77,19.41,13.99
Spain,2016,155.64,119.57,109.47,32.85,20.31,14.94
Spain,2017,161.78,120.11,110.85,34.55,22.12,16.56
Spain,2018,161.27,120.12,110.92,35.38,23.4,17.94
Spain,2019,170.1,128.46,118.39,35.76,23.88,18.42
Spain,2020,168.23,118.16,107.63,36.0,19.97,14.88
Spain,2021,183.88,136.02,117.71,38.63,22.51,17.04
Spain,2022,182.8,131.64,119.58,41.43,22.74,17.08
Spain,2023,,,,,,
Sweden,2004,164.51,95.28,82.01,19.03,13.22,4.8
Sweden,2005,167.46,93.98,80.71,19.45,14.41,5.81
Sweden,2006,156.36,126.33,90.88,20.46,16.82,8.96
Sweden,2007,157.73,128.59,93.57,20.91,16.37,8.72
Sweden,2008,152.96,122.05,89.43,20.95,13.2,7.75
Sweden,2009,152.74,117.65,89.95,20.61,8.55,7.74
Sweden,2010,105.66,103.16,73.1,21.16,10.2,6.86
Sweden,2011,109.13,109.97,78.05,22.43,13.06,7.65
Sweden,2012,111.17,108.92,77.4,22.44,13.03,7.84
Sweden,2013,109.17,85.4,78.53,23.18,13.21,10.57
Sweden,2014,113.23,88.25,79.81,23.55,13.39,11.18
Sweden,2015,113.34,90.07,81.44,23.57,14.0,11.56
Sweden,2016,132.41,93.97,90.32,24.03,14.82,12.19
Sweden,2017,130.75,94.8,93.75,23.93,11.77,11.58
Sweden,2018,133.04,83.92,82.87,24.17,12.38,12.09
Sweden,2019,134.31,83.85,82.39,23.9,13.06,12.72
Sweden,2020,132.06,84.09,79.44,24.03,12.18,8.06
Sweden,2021,156.83,96.9,90.33,39.11,14.63,9.32
Sweden,2022,131.46,90.42,84.55,32.98,14.16,9.34
Sweden,2023,125.2,88.58,83.34,34.05,13.87,9.74
